NeSa,S_d,b,model,number,pa,product
98.76795,-42.98806,0.92392,Exp.Nes100_dDFE.Exponential/,379,0.00271,0.2676611445
76.50007,-41.1073,1.01026,Exp.Nes100_dDFE.Exponential/,215,0.00372,0.2845802604
75.06313,-43.91729,0.91397,Exp.Nes100_dDFE.Exponential/,6,0.00364,0.2732297932
75.88401,-40.82256,1.00525,Exp.Nes100_dDFE.Exponential/,986,0.00366,0.2777354766
89.38986,-38.87762,1.02049,Exp.Nes100_dDFE.Exponential/,770,0.00313,0.2797902618
99.87871,-43.79887,0.90993,Exp.Nes100_dDFE.Exponential/,985,0.00264,0.2636797944
90.87115,-41.58356,0.96244,Exp.Nes100_dDFE.Exponential/,343,0.00303,0.2753395845
99.48676,-41.03126,0.95555,Exp.Nes100_dDFE.Exponential/,265,0.00272,0.2706039872
84.72702,-39.25496,0.98291,Exp.Nes100_dDFE.Exponential/,994,0.00319,0.2702791938
75.06267,-42.67732,0.97419,Exp.Nes100_dDFE.Exponential/,703,0.00365,0.2739787455
84.61053,-43.53997,0.92654,Exp.Nes100_dDFE.Exponential/,298,0.00313,0.2648309589
99.95025,-43.40306,0.91853,Exp.Nes100_dDFE.Exponential/,957,0.00272,0.27186468
84.557,-43.37278,0.93219,Exp.Nes100_dDFE.Exponential/,723,0.00326,0.27565582
92.1059,-41.29662,1.0034,Exp.Nes100_dDFE.Exponential/,473,0.00302,0.278159818
99.79522,-43.74054,0.90432,Exp.Nes100_dDFE.Exponential/,101,0.00263,0.2624614286
74.98141,-39.3255,0.99965,Exp.Nes100_dDFE.Exponential/,573,0.00377,0.2826799157
97.74569,-40.33387,0.95452,Exp.Nes100_dDFE.Exponential/,813,0.00268,0.2619584492
75.75996,-42.87507,0.92667,Exp.Nes100_dDFE.Exponential/,336,0.00363,0.2750086548
98.79557,-45.61605,0.8818,Exp.Nes100_dDFE.Exponential/,502,0.00263,0.2598323491
62.20128,-41.41953,0.9772,Exp.Nes100_dDFE.Exponential/,658,0.00437,0.2718195936
99.13893,-42.37334,0.94005,Exp.Nes100_dDFE.Exponential/,674,0.00274,0.2716406682
95.42722,-43.35384,0.92657,Exp.Nes100_dDFE.Exponential/,572,0.00285,0.271967577
56.69185,-41.53055,0.95656,Exp.Nes100_dDFE.Exponential/,282,0.00472,0.267585532
74.07484,-43.61555,0.92386,Exp.Nes100_dDFE.Exponential/,897,0.00365,0.270373166
73.48343,-40.25106,1.00035,Exp.Nes100_dDFE.Exponential/,380,0.00373,0.2740931939
99.83392,-45.37368,0.90203,Exp.Nes100_dDFE.Exponential/,888,0.0027,0.269551584
98.94015,-43.51769,0.92816,Exp.Nes100_dDFE.Exponential/,266,0.00273,0.2701066095
59.53816,-41.04955,1.00039,Exp.Nes100_dDFE.Exponential/,59,0.00451,0.2685171016
75.06313,-40.95266,0.95112,Exp.Nes100_dDFE.Exponential/,700,0.00361,0.2709778993
73.4321,-38.42769,1.0017,Exp.Nes100_dDFE.Exponential/,661,0.00371,0.272433091
93.99151,-42.8724,0.94808,Exp.Nes100_dDFE.Exponential/,604,0.00286,0.2688157186
91.21597,-39.75216,0.97834,Exp.Nes100_dDFE.Exponential/,615,0.00301,0.2745600697
99.70854,-43.81599,0.90991,Exp.Nes100_dDFE.Exponential/,967,0.0027,0.269213058
72.62204,-46.05361,0.89176,Exp.Nes100_dDFE.Exponential/,884,0.0037,0.268701548
99.91374,-47.39342,0.86546,Exp.Nes100_dDFE.Exponential/,95,0.00261,0.2607748614
74.9222,-39.53065,0.99938,Exp.Nes100_dDFE.Exponential/,880,0.00362,0.271218364
56.74053,-41.15813,1.0113,Exp.Nes100_dDFE.Exponential/,586,0.00484,0.2746241652
93.32883,-41.85147,0.97562,Exp.Nes100_dDFE.Exponential/,936,0.00288,0.2687870304
80.97272,-39.95803,0.98709,Exp.Nes100_dDFE.Exponential/,475,0.00335,0.271258612
97.70159,-43.57857,0.89756,Exp.Nes100_dDFE.Exponential/,381,0.00272,0.2657483248
97.4828,-41.67648,0.92244,Exp.Nes100_dDFE.Exponential/,787,0.00273,0.266128044
84.63987,-39.87903,0.9999,Exp.Nes100_dDFE.Exponential/,578,0.00322,0.2725403814
49.95856,-39.84635,1.02689,Exp.Nes100_dDFE.Exponential/,456,0.00554,0.2767704224
75.06318,-42.44814,0.95399,Exp.Nes100_dDFE.Exponential/,314,0.00363,0.2724793434
90.11668,-45.11938,0.89191,Exp.Nes100_dDFE.Exponential/,167,0.00299,0.2694488732
71.14502,-39.88498,1.01596,Exp.Nes100_dDFE.Exponential/,362,0.00387,0.2753312274
83.11073,-42.5503,0.9481,Exp.Nes100_dDFE.Exponential/,269,0.00325,0.2701098725
59.5908,-41.59101,0.94268,Exp.Nes100_dDFE.Exponential/,561,0.00448,0.266966784
91.72164,-41.88693,0.95284,Exp.Nes100_dDFE.Exponential/,129,0.0029,0.265992756
95.46084,-39.40077,0.98701,Exp.Nes100_dDFE.Exponential/,463,0.00281,0.2682449604
87.02196,-39.85391,1.03531,Exp.Nes100_dDFE.Exponential/,914,0.00322,0.2802107112
79.73806,-42.56566,0.94394,Exp.Nes100_dDFE.Exponential/,134,0.00336,0.2679198816
99.12879,-41.43802,0.9678,Exp.Nes100_dDFE.Exponential/,154,0.00273,0.2706215967
99.74258,-43.26981,0.92339,Exp.Nes100_dDFE.Exponential/,726,0.00268,0.2673101144
86.28021,-40.61813,0.99974,Exp.Nes100_dDFE.Exponential/,953,0.00325,0.2804106825
75.06067,-40.29484,0.96867,Exp.Nes100_dDFE.Exponential/,864,0.00364,0.2732208388
84.46083,-42.00832,0.96061,Exp.Nes100_dDFE.Exponential/,828,0.00322,0.2719638726
68.08208,-42.48103,0.93497,Exp.Nes100_dDFE.Exponential/,356,0.00397,0.2702858576
99.11774,-44.12724,0.90432,Exp.Nes100_dDFE.Exponential/,672,0.00274,0.2715826076
80.96672,-42.25062,0.9722,Exp.Nes100_dDFE.Exponential/,74,0.00337,0.2728578464
94.27175,-40.7002,0.94849,Exp.Nes100_dDFE.Exponential/,613,0.00288,0.27150264
69.61173,-40.6528,0.995,Exp.Nes100_dDFE.Exponential/,313,0.0039,0.271485747
57.01686,-40.92995,0.97717,Exp.Nes100_dDFE.Exponential/,76,0.00475,0.270830085
59.90011,-39.53639,1.0038,Exp.Nes100_dDFE.Exponential/,293,0.00462,0.2767385082
65.1928,-40.38763,1.01026,Exp.Nes100_dDFE.Exponential/,425,0.00414,0.269898192
73.67752,-40.04247,1.00066,Exp.Nes100_dDFE.Exponential/,616,0.00367,0.2703964984
80.23663,-39.94481,1.0009,Exp.Nes100_dDFE.Exponential/,756,0.0035,0.280828205
78.66434,-41.2509,0.96602,Exp.Nes100_dDFE.Exponential/,137,0.00344,0.2706053296
96.33661,-42.61005,0.92394,Exp.Nes100_dDFE.Exponential/,717,0.00277,0.2668524097
72.33438,-41.02636,0.95659,Exp.Nes100_dDFE.Exponential/,305,0.00375,0.271253925
98.98128,-40.69821,0.95794,Exp.Nes100_dDFE.Exponential/,538,0.00275,0.27219852
90.23531,-42.47565,0.97455,Exp.Nes100_dDFE.Exponential/,172,0.00313,0.2824365203
97.85624,-42.40938,0.93022,Exp.Nes100_dDFE.Exponential/,276,0.00271,0.2651904104
98.79787,-41.55963,0.94025,Exp.Nes100_dDFE.Exponential/,39,0.00271,0.2677422277
96.42387,-44.21439,0.88726,Exp.Nes100_dDFE.Exponential/,187,0.00279,0.2690225973
99.3603,-44.79504,0.90887,Exp.Nes100_dDFE.Exponential/,176,0.00262,0.260323986
63.37566,-40.56814,1.00338,Exp.Nes100_dDFE.Exponential/,690,0.00423,0.2680790418
95.54403,-40.32969,0.96299,Exp.Nes100_dDFE.Exponential/,120,0.00279,0.2665678437
68.01105,-42.30285,0.97304,Exp.Nes100_dDFE.Exponential/,947,0.00403,0.2740845315
88.39739,-44.25978,0.90145,Exp.Nes100_dDFE.Exponential/,772,0.00299,0.2643081961
97.28361,-38.07372,1.01334,Exp.Nes100_dDFE.Exponential/,422,0.0028,0.272394108
74.15905,-42.83368,0.93311,Exp.Nes100_dDFE.Exponential/,793,0.00366,0.271422123
80.09319,-42.68966,0.92329,Exp.Nes100_dDFE.Exponential/,860,0.00335,0.2683121865
90.57893,-44.39035,0.92781,Exp.Nes100_dDFE.Exponential/,153,0.00304,0.2753599472
71.50797,-40.51253,1.00088,Exp.Nes100_dDFE.Exponential/,259,0.00381,0.2724453657
94.37297,-43.76823,0.92388,Exp.Nes100_dDFE.Exponential/,906,0.00297,0.2802877209
99.93837,-46.10266,0.88956,Exp.Nes100_dDFE.Exponential/,472,0.00265,0.2648366805
57.03834,-42.78235,0.96649,Exp.Nes100_dDFE.Exponential/,817,0.00482,0.2749247988
81.76445,-42.55633,0.98682,Exp.Nes100_dDFE.Exponential/,497,0.00327,0.2673697515
62.32902,-40.69842,0.99015,Exp.Nes100_dDFE.Exponential/,310,0.00433,0.2698846566
84.27121,-44.83669,0.91606,Exp.Nes100_dDFE.Exponential/,755,0.00315,0.2654543115
91.43154,-44.51374,0.91821,Exp.Nes100_dDFE.Exponential/,656,0.00302,0.2761232508
49.96614,-39.64962,1.0154,Exp.Nes100_dDFE.Exponential/,789,0.00546,0.2728151244
62.39486,-38.591,1.07034,Exp.Nes100_dDFE.Exponential/,162,0.00443,0.2764092298
76.91037,-44.45273,0.9343,Exp.Nes100_dDFE.Exponential/,142,0.00355,0.2730318135
85.47581,-42.15938,0.94956,Exp.Nes100_dDFE.Exponential/,213,0.00325,0.2777963825
59.23847,-35.95967,1.09391,Exp.Nes100_dDFE.Exponential/,366,0.00473,0.2801979631
99.03815,-45.17681,0.88697,Exp.Nes100_dDFE.Exponential/,705,0.00262,0.259479953
86.00036,-41.89489,0.96603,Exp.Nes100_dDFE.Exponential/,509,0.00315,0.270901134
75.06272,-40.89607,0.98853,Exp.Nes100_dDFE.Exponential/,446,0.00367,0.2754801824
63.70954,-42.47078,0.96047,Exp.Nes100_dDFE.Exponential/,10,0.00423,0.2694913542
88.24686,-42.83314,0.93995,Exp.Nes100_dDFE.Exponential/,330,0.00296,0.2612107056
57.37868,-40.94494,0.98684,Exp.Nes100_dDFE.Exponential/,49,0.00471,0.2702535828
98.12117,-38.80781,1.02334,Exp.Nes100_dDFE.Exponential/,533,0.00288,0.2825889696
66.85647,-40.94768,0.9995,Exp.Nes100_dDFE.Exponential/,628,0.00412,0.2754486564
89.06773,-45.16477,0.88065,Exp.Nes100_dDFE.Exponential/,339,0.003,0.26720319
75.39987,-46.00201,0.92066,Exp.Nes100_dDFE.Exponential/,592,0.00356,0.2684235372
84.96179,-42.72875,0.94807,Exp.Nes100_dDFE.Exponential/,413,0.0032,0.271877728
48.23198,-38.48855,1.04615,Exp.Nes100_dDFE.Exponential/,752,0.00573,0.2763692454
90.2194,-43.05685,0.96613,Exp.Nes100_dDFE.Exponential/,762,0.0031,0.27968014
79.91756,-38.29158,1.06062,Exp.Nes100_dDFE.Exponential/,617,0.00348,0.2781131088
99.42074,-41.98645,0.94123,Exp.Nes100_dDFE.Exponential/,510,0.00271,0.2694302054
94.37173,-39.55532,1.03841,Exp.Nes100_dDFE.Exponential/,173,0.00294,0.2774528862
91.67195,-37.80909,1.03474,Exp.Nes100_dDFE.Exponential/,834,0.00302,0.276849289
81.79865,-40.55725,1.00031,Exp.Nes100_dDFE.Exponential/,202,0.00342,0.279751383
78.91446,-41.35278,0.97719,Exp.Nes100_dDFE.Exponential/,847,0.00341,0.2690983086
95.90745,-39.70381,0.97458,Exp.Nes100_dDFE.Exponential/,7,0.0028,0.26854086
80.18786,-45.26859,0.90509,Exp.Nes100_dDFE.Exponential/,977,0.00338,0.2710349668
97.02532,-42.66082,0.94942,Exp.Nes100_dDFE.Exponential/,439,0.00281,0.2726411492
98.54409,-43.01421,0.90785,Exp.Nes100_dDFE.Exponential/,733,0.00269,0.2650836021
54.5709,-41.71367,0.99951,Exp.Nes100_dDFE.Exponential/,780,0.00514,0.280494426
82.38198,-43.18743,0.94995,Exp.Nes100_dDFE.Exponential/,264,0.00331,0.2726843538
70.93003,-40.94829,0.99972,Exp.Nes100_dDFE.Exponential/,337,0.00382,0.2709527146
74.25776,-41.41705,0.99797,Exp.Nes100_dDFE.Exponential/,106,0.00371,0.2754962896
90.12806,-42.4159,0.94394,Exp.Nes100_dDFE.Exponential/,614,0.0031,0.279396986
74.05674,-41.45822,0.97698,Exp.Nes100_dDFE.Exponential/,810,0.00363,0.2688259662
97.88624,-43.96977,0.94783,Exp.Nes100_dDFE.Exponential/,541,0.00278,0.2721237472
98.68033,-42.60003,0.93697,Exp.Nes100_dDFE.Exponential/,14,0.00272,0.2684104976
75.0947,-42.30534,0.9482,Exp.Nes100_dDFE.Exponential/,646,0.0036,0.27034092
77.27803,-40.86824,0.95452,Exp.Nes100_dDFE.Exponential/,126,0.00354,0.2735642262
75.06309,-38.72849,1.04176,Exp.Nes100_dDFE.Exponential/,24,0.00367,0.2754815403
98.2486,-38.07837,1.03375,Exp.Nes100_dDFE.Exponential/,794,0.00286,0.280990996
99.93595,-42.84885,0.91889,Exp.Nes100_dDFE.Exponential/,851,0.00266,0.265829627
95.28537,-44.56593,0.92443,Exp.Nes100_dDFE.Exponential/,114,0.00284,0.2706104508
97.94227,-42.44451,0.92243,Exp.Nes100_dDFE.Exponential/,405,0.00273,0.2673823971
75.09438,-43.37181,0.92363,Exp.Nes100_dDFE.Exponential/,568,0.0036,0.270339768
70.51217,-41.95506,0.98649,Exp.Nes100_dDFE.Exponential/,234,0.00387,0.2728820979
71.51243,-39.82753,1.00023,Exp.Nes100_dDFE.Exponential/,844,0.00385,0.2753228555
75.0939,-42.88191,0.95573,Exp.Nes100_dDFE.Exponential/,34,0.00371,0.278598369
61.2636,-44.61369,0.92637,Exp.Nes100_dDFE.Exponential/,991,0.00442,0.270785112
79.46798,-43.353,0.92816,Exp.Nes100_dDFE.Exponential/,905,0.00343,0.2725751714
77.1346,-38.19261,1.0534,Exp.Nes100_dDFE.Exponential/,895,0.0036,0.27768456
57.31996,-40.69379,1.02495,Exp.Nes100_dDFE.Exponential/,845,0.00483,0.2768554068
65.02542,-43.15599,0.95503,Exp.Nes100_dDFE.Exponential/,823,0.00419,0.2724565098
79.73259,-42.6339,0.93234,Exp.Nes100_dDFE.Exponential/,814,0.00339,0.2702934801
70.24565,-40.80194,1.00762,Exp.Nes100_dDFE.Exponential/,353,0.00388,0.272553122
99.79579,-45.07731,0.88182,Exp.Nes100_dDFE.Exponential/,976,0.00262,0.2614649698
66.66494,-39.62163,1.00646,Exp.Nes100_dDFE.Exponential/,426,0.00409,0.2726596046
99.73233,-43.48598,0.90895,Exp.Nes100_dDFE.Exponential/,896,0.0026,0.259304058
50.02596,-43.90735,0.96811,Exp.Nes100_dDFE.Exponential/,328,0.00553,0.2766435588
57.40224,-44.00449,0.9231,Exp.Nes100_dDFE.Exponential/,612,0.00469,0.2692165056
91.77014,-41.43345,0.97724,Exp.Nes100_dDFE.Exponential/,874,0.00298,0.2734750172
99.21988,-41.64984,0.93497,Exp.Nes100_dDFE.Exponential/,743,0.00272,0.2698780736
90.10738,-42.51083,0.95643,Exp.Nes100_dDFE.Exponential/,969,0.003,0.27032214
63.52594,-40.79108,0.98708,Exp.Nes100_dDFE.Exponential/,318,0.00427,0.2712557638
56.04239,-45.86667,0.92471,Exp.Nes100_dDFE.Exponential/,735,0.00486,0.2723660154
76.9284,-40.03621,0.98294,Exp.Nes100_dDFE.Exponential/,434,0.00352,0.270787968
91.26079,-42.04139,0.94489,Exp.Nes100_dDFE.Exponential/,942,0.00297,0.2710445463
98.20195,-39.92947,0.99968,Exp.Nes100_dDFE.Exponential/,470,0.00269,0.2641632455
75.06202,-41.12328,0.97992,Exp.Nes100_dDFE.Exponential/,113,0.00361,0.2709738922
75.06311,-40.60926,1.014,Exp.Nes100_dDFE.Exponential/,803,0.00361,0.2709778271
81.46894,-41.35871,0.9772,Exp.Nes100_dDFE.Exponential/,697,0.00325,0.264774055
75.68772,-39.10385,1.00526,Exp.Nes100_dDFE.Exponential/,878,0.00364,0.2755033008
99.92771,-42.88717,0.9605,Exp.Nes100_dDFE.Exponential/,671,0.00272,0.2718033712
98.27594,-41.87105,0.96064,Exp.Nes100_dDFE.Exponential/,171,0.00281,0.2761553914
91.64714,-39.76972,1.01261,Exp.Nes100_dDFE.Exponential/,148,0.00301,0.2758578914
78.54455,-42.45322,0.96608,Exp.Nes100_dDFE.Exponential/,397,0.00343,0.2694078065
84.94584,-39.81982,1.01146,Exp.Nes100_dDFE.Exponential/,988,0.00327,0.2777728968
63.86693,-41.0163,1.00692,Exp.Nes100_dDFE.Exponential/,201,0.00436,0.2784598148
49.44943,-44.17258,0.94244,Exp.Nes100_dDFE.Exponential/,804,0.00542,0.2680159106
92.97748,-41.57104,0.95901,Exp.Nes100_dDFE.Exponential/,871,0.0028,0.260336944
75.06071,-42.56576,0.96886,Exp.Nes100_dDFE.Exponential/,771,0.00369,0.2769740199
80.51828,-44.60959,0.90836,Exp.Nes100_dDFE.Exponential/,729,0.00333,0.2681258724
97.7595,-41.81442,0.94965,Exp.Nes100_dDFE.Exponential/,177,0.00279,0.272749005
75.06288,-41.47258,0.97686,Exp.Nes100_dDFE.Exponential/,163,0.00369,0.2769820272
82.949,-38.08187,1.00047,Exp.Nes100_dDFE.Exponential/,214,0.00321,0.26626629
56.60741,-41.19936,0.9871,Exp.Nes100_dDFE.Exponential/,64,0.00479,0.2711494939
99.44737,-44.93168,0.88281,Exp.Nes100_dDFE.Exponential/,179,0.00268,0.2665189516
85.19115,-42.38552,0.93496,Exp.Nes100_dDFE.Exponential/,968,0.00318,0.270907857
80.97375,-45.50515,0.92291,Exp.Nes100_dDFE.Exponential/,30,0.00332,0.26883285
93.35091,-42.08312,0.92413,Exp.Nes100_dDFE.Exponential/,809,0.00286,0.2669836026
75.09444,-44.60036,0.89389,Exp.Nes100_dDFE.Exponential/,391,0.00354,0.2658343176
59.94792,-42.40245,0.9831,Exp.Nes100_dDFE.Exponential/,839,0.00464,0.2781583488
72.67793,-38.68272,1.0523,Exp.Nes100_dDFE.Exponential/,838,0.00376,0.2732690168
99.66301,-42.91852,0.93495,Exp.Nes100_dDFE.Exponential/,273,0.00277,0.2760665377
96.76798,-40.08267,0.98704,Exp.Nes100_dDFE.Exponential/,885,0.00279,0.2699826642
82.40692,-41.29595,0.98302,Exp.Nes100_dDFE.Exponential/,684,0.00337,0.2777113204
86.43693,-41.10907,1.00022,Exp.Nes100_dDFE.Exponential/,204,0.00323,0.2791912839
70.98606,-40.30439,1.01484,Exp.Nes100_dDFE.Exponential/,110,0.00395,0.280394937
72.09535,-43.19893,0.96614,Exp.Nes100_dDFE.Exponential/,454,0.00381,0.2746832835
75.5094,-40.50527,1.01172,Exp.Nes100_dDFE.Exponential/,115,0.00364,0.274854216
64.73112,-40.8169,0.95663,Exp.Nes100_dDFE.Exponential/,832,0.00413,0.2673395256
99.39598,-36.77225,1.05759,Exp.Nes100_dDFE.Exponential/,931,0.00275,0.273338945
98.6428,-40.40675,0.9611,Exp.Nes100_dDFE.Exponential/,108,0.00272,0.268308416
29.95773,-37.8014,1.10381,Exp.Nes100_dDFE.Exponential/,945,0.00933,0.2795056209
43.8389,-37.86343,1.09081,Exp.Nes100_dDFE.Exponential/,367,0.0065,0.28495285
75.89723,-48.27454,0.86515,Exp.Nes100_dDFE.Exponential/,412,0.0035,0.265640305
75.06307,-40.01969,1.02828,Exp.Nes100_dDFE.Exponential/,4,0.00367,0.2754814669
75.06287,-43.92033,0.90167,Exp.Nes100_dDFE.Exponential/,689,0.00358,0.2687250746
99.49133,-42.05428,0.98731,Exp.Nes100_dDFE.Exponential/,693,0.00277,0.2755909841
99.74739,-43.96088,0.92219,Exp.Nes100_dDFE.Exponential/,483,0.00271,0.2703154269
86.7896,-42.35199,0.94556,Exp.Nes100_dDFE.Exponential/,92,0.00316,0.274255136
99.25944,-40.41467,0.98298,Exp.Nes100_dDFE.Exponential/,764,0.00274,0.2719708656
97.24035,-42.24675,0.95459,Exp.Nes100_dDFE.Exponential/,955,0.00286,0.278107401
97.69766,-44.51287,0.92488,Exp.Nes100_dDFE.Exponential/,428,0.00269,0.2628067054
62.91472,-39.23616,1.03071,Exp.Nes100_dDFE.Exponential/,930,0.00445,0.279970504
61.20275,-39.98254,1.00026,Exp.Nes100_dDFE.Exponential/,829,0.0045,0.275412375
75.06313,-42.50387,0.94083,Exp.Nes100_dDFE.Exponential/,732,0.00359,0.2694766367
77.51049,-39.66042,1.00186,Exp.Nes100_dDFE.Exponential/,634,0.00358,0.2774875542
94.1323,-43.37765,0.9232,Exp.Nes100_dDFE.Exponential/,677,0.00293,0.275807639
89.71012,-41.7868,0.93497,Exp.Nes100_dDFE.Exponential/,587,0.00308,0.2763071696
76.81779,-41.04988,0.99932,Exp.Nes100_dDFE.Exponential/,688,0.00355,0.2727031545
95.51904,-43.05269,0.93496,Exp.Nes100_dDFE.Exponential/,398,0.00286,0.2731844544
65.83668,-38.48158,1.07038,Exp.Nes100_dDFE.Exponential/,420,0.00426,0.2804642568
66.63984,-40.19071,1.02533,Exp.Nes100_dDFE.Exponential/,94,0.00417,0.2778881328
85.21756,-40.93112,0.97455,Exp.Nes100_dDFE.Exponential/,274,0.00317,0.2701396652
75.06278,-40.01,1.0084,Exp.Nes100_dDFE.Exponential/,639,0.00372,0.2792335416
75.05715,-43.10345,0.94047,Exp.Nes100_dDFE.Exponential/,802,0.00362,0.271706883
89.5768,-44.30619,0.93216,Exp.Nes100_dDFE.Exponential/,882,0.003,0.2687304
89.51164,-40.28957,0.97456,Exp.Nes100_dDFE.Exponential/,393,0.00305,0.273010502
64.09859,-44.43403,0.92812,Exp.Nes100_dDFE.Exponential/,543,0.00425,0.2724190075
96.25497,-44.56454,0.8943,Exp.Nes100_dDFE.Exponential/,387,0.00277,0.2666262669
75.06291,-41.04163,0.97019,Exp.Nes100_dDFE.Exponential/,58,0.00371,0.2784833961
99.83949,-43.94075,0.92745,Exp.Nes100_dDFE.Exponential/,77,0.00273,0.2725618077
43.83991,-40.48556,1.02803,Exp.Nes100_dDFE.Exponential/,681,0.00629,0.2757530339
68.6773,-40.58474,0.97718,Exp.Nes100_dDFE.Exponential/,290,0.0039,0.26784147
65.30179,-41.13038,0.98713,Exp.Nes100_dDFE.Exponential/,341,0.00411,0.2683903569
50.84646,-39.76527,1.02847,Exp.Nes100_dDFE.Exponential/,900,0.00536,0.2725370256
75.06259,-43.19637,0.93286,Exp.Nes100_dDFE.Exponential/,164,0.00362,0.2717265758
69.75712,-39.68421,1.00025,Exp.Nes100_dDFE.Exponential/,523,0.00395,0.275540624
79.56744,-42.31873,0.96215,Exp.Nes100_dDFE.Exponential/,506,0.0034,0.270529296
66.27745,-40.38254,0.98707,Exp.Nes100_dDFE.Exponential/,22,0.00413,0.2737258685
94.46686,-40.77151,0.98712,Exp.Nes100_dDFE.Exponential/,227,0.00287,0.2711198882
98.68682,-42.79572,0.94394,Exp.Nes100_dDFE.Exponential/,289,0.00275,0.271388755
53.73669,-44.94097,0.93666,Exp.Nes100_dDFE.Exponential/,819,0.00506,0.2719076514
97.26059,-42.35811,0.9564,Exp.Nes100_dDFE.Exponential/,826,0.00279,0.2713570461
85.9195,-42.7452,0.94702,Exp.Nes100_dDFE.Exponential/,552,0.00322,0.27666079
99.02678,-41.53222,0.95458,Exp.Nes100_dDFE.Exponential/,768,0.00274,0.2713333772
99.95012,-43.20987,0.90292,Exp.Nes100_dDFE.Exponential/,199,0.00266,0.2658673192
99.71468,-43.98182,0.92762,Exp.Nes100_dDFE.Exponential/,611,0.00262,0.2612524616
76.77881,-40.03135,1.0256,Exp.Nes100_dDFE.Exponential/,609,0.00365,0.2802426565
66.65349,-39.9516,0.99932,Exp.Nes100_dDFE.Exponential/,88,0.0041,0.273279309
79.68302,-39.73118,1.00089,Exp.Nes100_dDFE.Exponential/,776,0.0034,0.270922268
97.30698,-42.86584,0.92818,Exp.Nes100_dDFE.Exponential/,525,0.00276,0.2685672648
82.08982,-39.83319,1.0065,Exp.Nes100_dDFE.Exponential/,820,0.00337,0.2766426934
75.06319,-40.09669,1.03421,Exp.Nes100_dDFE.Exponential/,279,0.00373,0.2799856987
81.04223,-41.62354,0.97451,Exp.Nes100_dDFE.Exponential/,448,0.0034,0.275543582
94.75452,-41.42555,0.99304,Exp.Nes100_dDFE.Exponential/,919,0.00293,0.2776307436
49.85119,-41.46857,0.97927,Exp.Nes100_dDFE.Exponential/,980,0.00548,0.2731845212
75.06278,-40.92271,0.98442,Exp.Nes100_dDFE.Exponential/,518,0.00373,0.2799841694
50.05047,-41.9301,0.99095,Exp.Nes100_dDFE.Exponential/,959,0.00545,0.2727750615
93.34446,-42.82324,0.92817,Exp.Nes100_dDFE.Exponential/,238,0.00286,0.2669651556
99.48597,-38.64893,1.00512,Exp.Nes100_dDFE.Exponential/,285,0.00268,0.2666223996
91.05519,-42.03769,0.92819,Exp.Nes100_dDFE.Exponential/,253,0.00291,0.2649706029
75.06151,-41.44456,0.96758,Exp.Nes100_dDFE.Exponential/,415,0.00363,0.2724732813
91.37843,-38.58823,1.01352,Exp.Nes100_dDFE.Exponential/,296,0.00298,0.2723077214
66.02018,-41.04908,0.98604,Exp.Nes100_dDFE.Exponential/,857,0.00418,0.2759643524
57.49639,-39.28678,1.0456,Exp.Nes100_dDFE.Exponential/,386,0.0047,0.270233033
99.63877,-45.78797,0.91063,Exp.Nes100_dDFE.Exponential/,966,0.00271,0.2700210667
88.99128,-42.14799,0.9772,Exp.Nes100_dDFE.Exponential/,168,0.00306,0.2723133168
75.09401,-45.80759,0.87631,Exp.Nes100_dDFE.Exponential/,620,0.00359,0.2695874959
85.7346,-42.30708,0.97845,Exp.Nes100_dDFE.Exponential/,842,0.00323,0.276922758
99.86867,-47.90295,0.87145,Exp.Nes100_dDFE.Exponential/,347,0.00265,0.2646519755
75.05968,-40.44211,0.9833,Exp.Nes100_dDFE.Exponential/,870,0.0037,0.277720816
93.24691,-42.87022,0.94936,Exp.Nes100_dDFE.Exponential/,961,0.00296,0.2760108536
54.03144,-38.5888,1.06488,Exp.Nes100_dDFE.Exponential/,599,0.00524,0.2831247456
60.11207,-43.00312,0.94305,Exp.Nes100_dDFE.Exponential/,431,0.0046,0.276515522
49.98279,-38.83661,1.05546,Exp.Nes100_dDFE.Exponential/,559,0.00562,0.2809032798
72.21319,-40.00854,1.00112,Exp.Nes100_dDFE.Exponential/,31,0.00381,0.2751322539
80.87089,-39.37635,1.00647,Exp.Nes100_dDFE.Exponential/,892,0.00332,0.2684913548
77.94733,-42.85462,0.96856,Exp.Nes100_dDFE.Exponential/,329,0.00356,0.2774924948
91.72297,-44.41597,0.92945,Exp.Nes100_dDFE.Exponential/,242,0.00293,0.2687483021
80.99053,-39.8756,0.97358,Exp.Nes100_dDFE.Exponential/,359,0.00338,0.2737479914
75.09461,-37.77336,1.06741,Exp.Nes100_dDFE.Exponential/,886,0.00372,0.2793519492
38.95775,-40.66804,1.00122,Exp.Nes100_dDFE.Exponential/,769,0.00695,0.2707563625
97.56095,-41.48827,0.96611,Exp.Nes100_dDFE.Exponential/,408,0.00286,0.279024317
97.16654,-43.40394,0.90562,Exp.Nes100_dDFE.Exponential/,498,0.00264,0.2565196656
89.28745,-44.23227,0.91121,Exp.Nes100_dDFE.Exponential/,169,0.00305,0.2723267225
76.57264,-43.4334,0.93793,Exp.Nes100_dDFE.Exponential/,781,0.00355,0.271832872
61.39467,-42.56836,0.91482,Exp.Nes100_dDFE.Exponential/,941,0.00425,0.2609273475
60.1819,-42.21829,0.99486,Exp.Nes100_dDFE.Exponential/,427,0.00463,0.278642197
50.05464,-38.32775,1.05434,Exp.Nes100_dDFE.Exponential/,970,0.00562,0.2813070768
88.06541,-42.69857,0.93103,Exp.Nes100_dDFE.Exponential/,775,0.00304,0.2677188464
75.06302,-38.4819,1.03431,Exp.Nes100_dDFE.Exponential/,929,0.00366,0.2747306532
73.02264,-41.31418,0.96877,Exp.Nes100_dDFE.Exponential/,377,0.00364,0.2658024096
80.07064,-41.89912,0.96608,Exp.Nes100_dDFE.Exponential/,542,0.00337,0.2698380568
75.04553,-39.50119,1.01157,Exp.Nes100_dDFE.Exponential/,67,0.00363,0.2724152739
75.48369,-40.20797,0.97715,Exp.Nes100_dDFE.Exponential/,683,0.00365,0.2755154685
88.72704,-43.50886,0.92814,Exp.Nes100_dDFE.Exponential/,558,0.00303,0.2688429312
95.91286,-41.74455,0.94828,Exp.Nes100_dDFE.Exponential/,161,0.00282,0.2704742652
93.86715,-38.55623,1.04111,Exp.Nes100_dDFE.Exponential/,714,0.00298,0.279724107
99.60712,-42.05667,0.94419,Exp.Nes100_dDFE.Exponential/,384,0.00263,0.2619667256
80.04693,-41.67587,0.99773,Exp.Nes100_dDFE.Exponential/,395,0.00353,0.2825656629
91.16331,-41.09914,0.96597,Exp.Nes100_dDFE.Exponential/,221,0.00301,0.2744015631
99.15432,-38.55792,1.01338,Exp.Nes100_dDFE.Exponential/,21,0.00275,0.27267438
67.71149,-40.26996,0.96591,Exp.Nes100_dDFE.Exponential/,577,0.00403,0.2728773047
94.65881,-41.32262,0.94399,Exp.Nes100_dDFE.Exponential/,87,0.00295,0.2792434895
99.73731,-42.14614,0.93092,Exp.Nes100_dDFE.Exponential/,308,0.00264,0.2633064984
74.68726,-39.42949,1.0112,Exp.Nes100_dDFE.Exponential/,758,0.00356,0.2658866456
98.89526,-40.16761,0.98219,Exp.Nes100_dDFE.Exponential/,867,0.00271,0.2680061546
85.0962,-43.42046,0.92815,Exp.Nes100_dDFE.Exponential/,375,0.00312,0.265500144
96.85293,-40.42198,0.97462,Exp.Nes100_dDFE.Exponential/,53,0.00284,0.2750623212
82.10909,-41.08268,0.9566,Exp.Nes100_dDFE.Exponential/,852,0.00329,0.2701389061
92.62312,-44.23465,0.89721,Exp.Nes100_dDFE.Exponential/,633,0.00295,0.273238204
63.79708,-45.97657,0.89003,Exp.Nes100_dDFE.Exponential/,243,0.00423,0.2698616484
75.09382,-40.51689,0.99115,Exp.Nes100_dDFE.Exponential/,667,0.00376,0.2823527632
99.4695,-45.98982,0.91714,Exp.Nes100_dDFE.Exponential/,491,0.00265,0.263594175
75.09432,-40.54225,0.98611,Exp.Nes100_dDFE.Exponential/,47,0.0037,0.277848984
82.50181,-38.96282,1.00877,Exp.Nes100_dDFE.Exponential/,619,0.00329,0.2714309549
76.75491,-43.63417,0.93099,Exp.Nes100_dDFE.Exponential/,902,0.00355,0.2724799305
99.97692,-41.79196,0.95269,Exp.Nes100_dDFE.Exponential/,722,0.00272,0.2719372224
74.00907,-40.33268,0.97716,Exp.Nes100_dDFE.Exponential/,901,0.00363,0.2686529241
99.28365,-42.18286,0.92459,Exp.Nes100_dDFE.Exponential/,675,0.00273,0.2710443645
91.39204,-45.82579,0.91173,Exp.Nes100_dDFE.Exponential/,668,0.00295,0.269606518
99.73997,-41.26538,0.96335,Exp.Nes100_dDFE.Exponential/,531,0.00275,0.2742849175
85.72223,-43.08719,0.92817,Exp.Nes100_dDFE.Exponential/,796,0.0031,0.265738913
76.23527,-41.55329,0.97838,Exp.Nes100_dDFE.Exponential/,928,0.00359,0.2736846193
83.86656,-48.6374,0.85009,Exp.Nes100_dDFE.Exponential/,626,0.00323,0.2708889888
73.33329,-43.99104,0.94973,Exp.Nes100_dDFE.Exponential/,158,0.00365,0.2676665085
82.91813,-39.48977,0.9866,Exp.Nes100_dDFE.Exponential/,423,0.00329,0.2728006477
68.27093,-41.10723,0.98696,Exp.Nes100_dDFE.Exponential/,370,0.00406,0.2771799758
46.62719,-41.26277,0.98302,Exp.Nes100_dDFE.Exponential/,267,0.00591,0.2755666929
71.24035,-42.2559,0.97731,Exp.Nes100_dDFE.Exponential/,90,0.00387,0.2757001545
73.37508,-43.96127,0.92814,Exp.Nes100_dDFE.Exponential/,222,0.00362,0.2656177896
93.76733,-47.11412,0.86043,Exp.Nes100_dDFE.Exponential/,840,0.00287,0.2691122371
96.2542,-43.53625,0.9479,Exp.Nes100_dDFE.Exponential/,883,0.00279,0.268549218
83.66786,-41.20827,0.96182,Exp.Nes100_dDFE.Exponential/,547,0.00327,0.2735939022
83.28316,-39.53818,1.00024,Exp.Nes100_dDFE.Exponential/,651,0.00338,0.2814970808
89.09515,-42.55709,0.92818,Exp.Nes100_dDFE.Exponential/,196,0.00302,0.269067353
80.90738,-42.48338,0.96081,Exp.Nes100_dDFE.Exponential/,635,0.00339,0.2742760182
80.34388,-40.49755,0.98936,Exp.Nes100_dDFE.Exponential/,513,0.00347,0.2787932636
55.41711,-41.91317,1.00113,Exp.Nes100_dDFE.Exponential/,978,0.00491,0.2720980101
92.46053,-41.26841,0.93497,Exp.Nes100_dDFE.Exponential/,217,0.0029,0.268135537
33.26776,-37.44894,1.12661,Exp.Nes100_dDFE.Exponential/,443,0.00822,0.2734609872
99.66849,-40.85607,0.93191,Exp.Nes100_dDFE.Exponential/,759,0.00268,0.2671115532
72.25349,-38.848,1.00639,Exp.Nes100_dDFE.Exponential/,1,0.0038,0.274563262
43.83894,-38.46161,1.08064,Exp.Nes100_dDFE.Exponential/,946,0.00643,0.2818843842
99.37118,-42.12229,0.96506,Exp.Nes100_dDFE.Exponential/,299,0.00273,0.2712833214
65.30801,-40.43263,1.02589,Exp.Nes100_dDFE.Exponential/,570,0.00419,0.2736405619
60.96756,-43.28106,0.944,Exp.Nes100_dDFE.Exponential/,399,0.00447,0.2725249932
93.40503,-40.58505,0.98452,Exp.Nes100_dDFE.Exponential/,83,0.00289,0.2699405367
97.54554,-40.26956,1.01126,Exp.Nes100_dDFE.Exponential/,80,0.00283,0.2760538782
84.50854,-41.44343,0.93895,Exp.Nes100_dDFE.Exponential/,904,0.0032,0.270427328
75.09441,-40.21837,0.97491,Exp.Nes100_dDFE.Exponential/,226,0.00361,0.2710908201
68.87883,-41.09536,0.99301,Exp.Nes100_dDFE.Exponential/,60,0.00398,0.2741377434
97.34198,-41.43163,0.96599,Exp.Nes100_dDFE.Exponential/,680,0.00282,0.2745043836
84.53876,-39.9394,0.98709,Exp.Nes100_dDFE.Exponential/,676,0.00323,0.2730601948
65.57637,-39.54407,0.99911,Exp.Nes100_dDFE.Exponential/,908,0.00421,0.2760765177
43.72494,-36.9008,1.08182,Exp.Nes100_dDFE.Exponential/,887,0.00644,0.2815886136
85.46782,-41.93313,0.95321,Exp.Nes100_dDFE.Exponential/,866,0.00319,0.2726423458
83.21197,-41.45581,1.00252,Exp.Nes100_dDFE.Exponential/,372,0.00333,0.2770958601
79.18808,-42.20982,0.94818,Exp.Nes100_dDFE.Exponential/,277,0.00349,0.2763663992
92.66285,-40.46529,0.986,Exp.Nes100_dDFE.Exponential/,627,0.003,0.27798855
77.55144,-39.29942,1.00449,Exp.Nes100_dDFE.Exponential/,319,0.00348,0.2698790112
63.33793,-42.10593,0.96217,Exp.Nes100_dDFE.Exponential/,511,0.0043,0.272353099
85.00264,-40.15633,1.00341,Exp.Nes100_dDFE.Exponential/,363,0.00333,0.2830587912
99.25037,-42.81703,0.90034,Exp.Nes100_dDFE.Exponential/,982,0.00265,0.2630134805
99.78716,-42.29733,0.96265,Exp.Nes100_dDFE.Exponential/,544,0.00268,0.2674295888
77.80844,-39.06285,1.01021,Exp.Nes100_dDFE.Exponential/,981,0.00351,0.2731076244
64.71302,-42.38113,0.95644,Exp.Nes100_dDFE.Exponential/,281,0.00423,0.2737360746
93.52252,-42.98151,0.95003,Exp.Nes100_dDFE.Exponential/,920,0.00293,0.2740209836
97.05281,-41.10377,0.94843,Exp.Nes100_dDFE.Exponential/,821,0.00281,0.2727183961
87.81077,-41.43571,0.96077,Exp.Nes100_dDFE.Exponential/,8,0.00312,0.2739696024
98.1448,-42.77094,0.96038,Exp.Nes100_dDFE.Exponential/,400,0.00276,0.270879648
96.72768,-44.45971,0.91021,Exp.Nes100_dDFE.Exponential/,682,0.00282,0.2727720576
86.82497,-41.3154,1.00029,Exp.Nes100_dDFE.Exponential/,590,0.00324,0.2813129028
78.71083,-40.35107,1.00522,Exp.Nes100_dDFE.Exponential/,357,0.0035,0.275487905
82.85897,-39.71921,0.97709,Exp.Nes100_dDFE.Exponential/,373,0.00329,0.2726060113
75.04877,-40.84025,0.99302,Exp.Nes100_dDFE.Exponential/,686,0.00364,0.2731775228
69.90754,-42.089,0.9482,Exp.Nes100_dDFE.Exponential/,721,0.00396,0.2768338584
94.62183,-41.7573,0.95651,Exp.Nes100_dDFE.Exponential/,505,0.00284,0.2687259972
75.06232,-40.16099,1.00605,Exp.Nes100_dDFE.Exponential/,790,0.00375,0.2814837
93.66701,-39.34018,1.01242,Exp.Nes100_dDFE.Exponential/,96,0.00292,0.2735076692
96.41903,-45.2987,0.90096,Exp.Nes100_dDFE.Exponential/,519,0.00287,0.2767226161
99.55464,-43.64689,0.9479,Exp.Nes100_dDFE.Exponential/,571,0.00269,0.2678019816
35.00098,-41.03243,1.05817,Exp.Nes100_dDFE.Exponential/,490,0.0076,0.266007448
50.64006,-42.91911,0.97729,Exp.Nes100_dDFE.Exponential/,85,0.00544,0.2754819264
69.10879,-40.0956,1.00031,Exp.Nes100_dDFE.Exponential/,550,0.00403,0.2785084237
75.09393,-41.53774,0.99407,Exp.Nes100_dDFE.Exponential/,549,0.00366,0.2748437838
75.06204,-43.34192,0.95881,Exp.Nes100_dDFE.Exponential/,566,0.0037,0.277729548
99.20257,-39.90051,0.97855,Exp.Nes100_dDFE.Exponential/,492,0.00275,0.2728070675
50.37783,-38.92798,1.07079,Exp.Nes100_dDFE.Exponential/,144,0.00559,0.2816120697
54.30828,-38.0651,1.03845,Exp.Nes100_dDFE.Exponential/,679,0.005,0.2715414
94.49939,-41.37198,0.97753,Exp.Nes100_dDFE.Exponential/,507,0.00293,0.2768832127
81.14141,-42.54029,0.93957,Exp.Nes100_dDFE.Exponential/,574,0.00334,0.2710123094
75.09705,-40.3106,0.98707,Exp.Nes100_dDFE.Exponential/,288,0.00367,0.2756061735
60.8248,-39.15974,0.99956,Exp.Nes100_dDFE.Exponential/,662,0.0045,0.2737116
94.80168,-40.52927,0.98362,Exp.Nes100_dDFE.Exponential/,237,0.00284,0.2692367712
79.933,-37.85335,1.04034,Exp.Nes100_dDFE.Exponential/,453,0.00351,0.28056483
85.48549,-44.80061,0.92442,Exp.Nes100_dDFE.Exponential/,910,0.00321,0.2744084229
90.10142,-41.56852,0.95047,Exp.Nes100_dDFE.Exponential/,975,0.00299,0.2694032458
75.9706,-38.75544,1.0319,Exp.Nes100_dDFE.Exponential/,786,0.00364,0.276532984
83.70318,-40.62713,0.98298,Exp.Nes100_dDFE.Exponential/,194,0.00321,0.2686872078
61.99157,-38.94739,1.03111,Exp.Nes100_dDFE.Exponential/,588,0.00444,0.2752425708
63.58795,-41.52,0.9678,Exp.Nes100_dDFE.Exponential/,663,0.00422,0.268341149
78.36123,-41.95127,0.98711,Exp.Nes100_dDFE.Exponential/,181,0.00359,0.2813168157
81.53173,-40.8431,0.94992,Exp.Nes100_dDFE.Exponential/,117,0.00334,0.2723159782
95.30046,-42.20387,0.93059,Exp.Nes100_dDFE.Exponential/,206,0.0028,0.266841288
79.47031,-38.59005,1.00064,Exp.Nes100_dDFE.Exponential/,623,0.00347,0.2757619757
86.96785,-39.63839,0.95677,Exp.Nes100_dDFE.Exponential/,297,0.00306,0.266121621
92.50839,-39.66971,1.03293,Exp.Nes100_dDFE.Exponential/,396,0.00304,0.2812255056
73.13086,-40.98955,0.99984,Exp.Nes100_dDFE.Exponential/,42,0.00375,0.274240725
55.15812,-37.99733,1.07083,Exp.Nes100_dDFE.Exponential/,212,0.00496,0.2735842752
59.18428,-41.68239,0.98712,Exp.Nes100_dDFE.Exponential/,798,0.0046,0.272247688
55.30151,-37.34,1.05504,Exp.Nes100_dDFE.Exponential/,91,0.00491,0.2715304141
75.63023,-40.22013,0.9871,Exp.Nes100_dDFE.Exponential/,32,0.00362,0.2737814326
70.73634,-42.71655,0.95643,Exp.Nes100_dDFE.Exponential/,321,0.0039,0.275871726
81.50455,-43.19083,0.97734,Exp.Nes100_dDFE.Exponential/,271,0.0034,0.27711547
90.17739,-43.83137,0.92314,Exp.Nes100_dDFE.Exponential/,734,0.00303,0.2732374917
99.52026,-40.87006,0.97458,Exp.Nes100_dDFE.Exponential/,630,0.00273,0.2716903098
90.8751,-39.68693,1.01174,Exp.Nes100_dDFE.Exponential/,417,0.00297,0.269899047
80.76493,-44.03172,0.89215,Exp.Nes100_dDFE.Exponential/,275,0.00326,0.2632936718
65.9145,-41.43214,0.98608,Exp.Nes100_dDFE.Exponential/,315,0.00418,0.27552261
98.86825,-42.15781,0.9323,Exp.Nes100_dDFE.Exponential/,943,0.00277,0.2738650525
90.25222,-41.78071,0.96601,Exp.Nes100_dDFE.Exponential/,877,0.00301,0.2716591822
59.01169,-37.09917,1.06499,Exp.Nes100_dDFE.Exponential/,644,0.00469,0.2767648261
46.38809,-37.07926,1.07861,Exp.Nes100_dDFE.Exponential/,72,0.00597,0.2769368973
83.24323,-39.59,1.00144,Exp.Nes100_dDFE.Exponential/,198,0.00329,0.2738702267
61.64483,-37.68665,1.03571,Exp.Nes100_dDFE.Exponential/,725,0.00444,0.2737030452
68.4062,-42.85506,0.95641,Exp.Nes100_dDFE.Exponential/,17,0.00385,0.26336387
75.06275,-42.76037,0.95882,Exp.Nes100_dDFE.Exponential/,303,0.00375,0.2814853125
79.11714,-41.39705,0.98704,Exp.Nes100_dDFE.Exponential/,835,0.00345,0.272954133
98.96682,-41.65824,0.97126,Exp.Nes100_dDFE.Exponential/,432,0.00277,0.2741380914
75.0942,-39.37223,1.026,Exp.Nes100_dDFE.Exponential/,591,0.00369,0.277097598
69.54986,-44.4161,0.89876,Exp.Nes100_dDFE.Exponential/,664,0.00378,0.2628984708
99.51424,-47.13211,0.8653,Exp.Nes100_dDFE.Exponential/,440,0.00257,0.2557515968
87.6366,-39.61336,1.0188,Exp.Nes100_dDFE.Exponential/,548,0.00318,0.278684388
94.14142,-41.26506,0.94837,Exp.Nes100_dDFE.Exponential/,564,0.00292,0.2748929464
99.76413,-42.82596,0.94134,Exp.Nes100_dDFE.Exponential/,358,0.00271,0.2703607923
86.53684,-42.79809,0.92231,Exp.Nes100_dDFE.Exponential/,355,0.00309,0.2673988356
99.3354,-44.0381,0.91286,Exp.Nes100_dDFE.Exponential/,660,0.00271,0.269198934
75.7713,-42.40146,0.95644,Exp.Nes100_dDFE.Exponential/,342,0.0036,0.27277668
73.07277,-40.09384,1.00323,Exp.Nes100_dDFE.Exponential/,691,0.0038,0.277676526
58.34765,-41.17829,1.00068,Exp.Nes100_dDFE.Exponential/,26,0.00471,0.2748174315
50.56614,-39.06656,1.03153,Exp.Nes100_dDFE.Exponential/,827,0.00557,0.2816533998
74.34549,-42.73661,0.93901,Exp.Nes100_dDFE.Exponential/,504,0.00365,0.2713610385
84.33066,-40.72588,0.96596,Exp.Nes100_dDFE.Exponential/,2,0.00323,0.2723880318
59.44565,-38.04136,1.03038,Exp.Nes100_dDFE.Exponential/,450,0.00462,0.274638903
59.79394,-39.57546,1.0337,Exp.Nes100_dDFE.Exponential/,989,0.00472,0.2822273968
30.89617,-40.33929,1.08027,Exp.Nes100_dDFE.Exponential/,263,0.00882,0.2725042194
56.83821,-36.34086,1.11237,Exp.Nes100_dDFE.Exponential/,295,0.00511,0.2904432531
75.09436,-41.18466,0.94528,Exp.Nes100_dDFE.Exponential/,824,0.00359,0.2695887524
75.09432,-42.77152,0.93566,Exp.Nes100_dDFE.Exponential/,918,0.00365,0.274094268
79.38573,-41.03635,0.98943,Exp.Nes100_dDFE.Exponential/,532,0.00345,0.2738807685
88.30028,-46.16857,0.88272,Exp.Nes100_dDFE.Exponential/,407,0.00304,0.2684328512
75.06219,-43.13583,0.94691,Exp.Nes100_dDFE.Exponential/,45,0.00364,0.2732263716
98.42696,-43.36527,0.92225,Exp.Nes100_dDFE.Exponential/,151,0.00273,0.2687056008
65.98501,-39.83027,0.99766,Exp.Nes100_dDFE.Exponential/,322,0.00419,0.2764771919
55.2715,-38.22654,1.03953,Exp.Nes100_dDFE.Exponential/,903,0.00503,0.278015645
99.39545,-42.2507,0.95076,Exp.Nes100_dDFE.Exponential/,517,0.00274,0.272343533
77.59704,-42.27715,0.9481,Exp.Nes100_dDFE.Exponential/,286,0.00355,0.275469492
99.49869,-40.52695,0.98099,Exp.Nes100_dDFE.Exponential/,713,0.00271,0.2696414499
90.88126,-41.74519,0.95982,Exp.Nes100_dDFE.Exponential/,57,0.00299,0.2717349674
68.90866,-41.22089,0.97753,Exp.Nes100_dDFE.Exponential/,489,0.00399,0.2749455534
92.86736,-44.38234,0.91369,Exp.Nes100_dDFE.Exponential/,837,0.0029,0.269315344
99.35749,-42.04704,0.94232,Exp.Nes100_dDFE.Exponential/,261,0.00267,0.2652844983
58.48563,-38.64691,1.06097,Exp.Nes100_dDFE.Exponential/,750,0.0046,0.269033898
84.43004,-42.36669,0.97731,Exp.Nes100_dDFE.Exponential/,815,0.00332,0.2803077328
99.82899,-47.36764,0.86309,Exp.Nes100_dDFE.Exponential/,950,0.00267,0.2665434033
95.49198,-42.64304,0.97452,Exp.Nes100_dDFE.Exponential/,563,0.00289,0.2759718222
81.17364,-42.42214,0.96593,Exp.Nes100_dDFE.Exponential/,702,0.0033,0.267873012
75.06341,-42.18927,0.95655,Exp.Nes100_dDFE.Exponential/,3,0.00349,0.2619713009
75.77967,-39.88801,0.98706,Exp.Nes100_dDFE.Exponential/,654,0.0036,0.272806812
81.57427,-39.58888,0.98293,Exp.Nes100_dDFE.Exponential/,875,0.00341,0.2781682607
96.33464,-45.64123,0.91789,Exp.Nes100_dDFE.Exponential/,424,0.00285,0.274553724
69.75676,-39.09468,1.00387,Exp.Nes100_dDFE.Exponential/,530,0.00384,0.2678659584
56.36319,-41.43471,0.98709,Exp.Nes100_dDFE.Exponential/,765,0.00482,0.2716705758
99.71561,-43.05905,0.93496,Exp.Nes100_dDFE.Exponential/,401,0.00271,0.2702293031
96.93572,-47.36025,0.88336,Exp.Nes100_dDFE.Exponential/,862,0.00272,0.2636651584
98.00007,-40.51256,1.01152,Exp.Nes100_dDFE.Exponential/,301,0.00284,0.2783201988
75.09436,-44.73061,0.9182,Exp.Nes100_dDFE.Exponential/,349,0.00367,0.2755963012
75.60364,-41.16585,0.97455,Exp.Nes100_dDFE.Exponential/,132,0.00369,0.2789774316
99.89893,-45.06304,0.89273,Exp.Nes100_dDFE.Exponential/,455,0.00265,0.2647321645
75.06306,-40.90236,0.99569,Exp.Nes100_dDFE.Exponential/,467,0.00369,0.2769826914
84.68171,-42.22103,0.97455,Exp.Nes100_dDFE.Exponential/,940,0.00327,0.2769091917
99.43895,-41.2264,0.98302,Exp.Nes100_dDFE.Exponential/,333,0.0028,0.27842906
72.46246,-39.11315,1.04387,Exp.Nes100_dDFE.Exponential/,757,0.00378,0.2739080988
97.03591,-40.93157,0.96634,Exp.Nes100_dDFE.Exponential/,625,0.00281,0.2726709071
68.52034,-40.24653,0.9975,Exp.Nes100_dDFE.Exponential/,747,0.00409,0.2802481906
86.29705,-40.92167,0.99976,Exp.Nes100_dDFE.Exponential/,934,0.00331,0.2856432355
99.13614,-43.91867,0.90692,Exp.Nes100_dDFE.Exponential/,216,0.00272,0.2696503008
78.31011,-37.99723,1.00058,Exp.Nes100_dDFE.Exponential/,954,0.00353,0.2764346883
75.80445,-40.80656,0.97721,Exp.Nes100_dDFE.Exponential/,250,0.00365,0.2766862425
71.44139,-39.95281,0.99975,Exp.Nes100_dDFE.Exponential/,12,0.00381,0.2721916959
92.66406,-43.54984,0.91601,Exp.Nes100_dDFE.Exponential/,858,0.00286,0.2650192116
75.06305,-42.52248,0.93973,Exp.Nes100_dDFE.Exponential/,742,0.00362,0.271728241
61.89398,-39.73674,1.04027,Exp.Nes100_dDFE.Exponential/,451,0.00448,0.2772850304
76.19877,-43.9656,0.90225,Exp.Nes100_dDFE.Exponential/,593,0.00348,0.2651717196
50.08426,-39.21249,1.01794,Exp.Nes100_dDFE.Exponential/,935,0.00547,0.2739609022
99.83521,-44.27229,0.91164,Exp.Nes100_dDFE.Exponential/,18,0.00268,0.2675583628
56.85608,-37.73539,1.05342,Exp.Nes100_dDFE.Exponential/,5,0.00496,0.2820061568
68.60858,-42.79203,0.93496,Exp.Nes100_dDFE.Exponential/,583,0.00393,0.2696317194
89.23204,-43.1539,0.95637,Exp.Nes100_dDFE.Exponential/,441,0.00305,0.272157722
78.56673,-42.0609,0.9482,Exp.Nes100_dDFE.Exponential/,629,0.00345,0.2710552185
99.97788,-43.98441,0.91384,Exp.Nes100_dDFE.Exponential/,464,0.00269,0.2689404972
88.27885,-43.57184,0.93497,Exp.Nes100_dDFE.Exponential/,241,0.00314,0.277195589
99.95006,-46.19408,0.89753,Exp.Nes100_dDFE.Exponential/,754,0.00271,0.2708646626
84.40301,-40.66533,1.00055,Exp.Nes100_dDFE.Exponential/,925,0.00323,0.2726217223
71.92399,-39.46316,1.04651,Exp.Nes100_dDFE.Exponential/,551,0.00394,0.2833805206
97.47237,-40.55137,0.97531,Exp.Nes100_dDFE.Exponential/,44,0.00283,0.2758468071
67.6261,-42.93362,0.92163,Exp.Nes100_dDFE.Exponential/,526,0.00396,0.267799356
51.99287,-41.49714,0.99904,Exp.Nes100_dDFE.Exponential/,848,0.00534,0.2776419258
86.57153,-44.36875,0.92382,Exp.Nes100_dDFE.Exponential/,641,0.0032,0.277028896
99.81769,-46.80277,0.88564,Exp.Nes100_dDFE.Exponential/,382,0.00266,0.2655150554
99.39603,-45.84544,0.87104,Exp.Nes100_dDFE.Exponential/,998,0.00265,0.2633994795
87.94344,-40.15201,0.99491,Exp.Nes100_dDFE.Exponential/,610,0.00312,0.2743835328
88.01848,-39.61753,1.01049,Exp.Nes100_dDFE.Exponential/,324,0.00309,0.2719771032
84.44531,-42.90241,0.94175,Exp.Nes100_dDFE.Exponential/,730,0.00315,0.2660027265
71.22951,-40.17361,0.98704,Exp.Nes100_dDFE.Exponential/,348,0.00386,0.2749459086
89.36861,-44.5966,0.91218,Exp.Nes100_dDFE.Exponential/,731,0.00301,0.2689995161
93.51484,-42.773,0.93495,Exp.Nes100_dDFE.Exponential/,805,0.00286,0.2674524424
98.47217,-40.33801,0.98297,Exp.Nes100_dDFE.Exponential/,715,0.00275,0.2707984675
88.50613,-40.7643,0.95662,Exp.Nes100_dDFE.Exponential/,256,0.00313,0.2770241869
98.76589,-45.27028,0.89867,Exp.Nes100_dDFE.Exponential/,402,0.00271,0.2676555619
52.09336,-43.4589,0.94398,Exp.Nes100_dDFE.Exponential/,576,0.00512,0.2667180032
77.19055,-40.99386,0.9998,Exp.Nes100_dDFE.Exponential/,438,0.00359,0.2771140745
80.42591,-40.39058,0.98142,Exp.Nes100_dDFE.Exponential/,98,0.00341,0.2742523531
91.90331,-39.57817,1.00162,Exp.Nes100_dDFE.Exponential/,61,0.00289,0.2656005659
68.85327,-40.85663,0.98604,Exp.Nes100_dDFE.Exponential/,82,0.004,0.27541308
99.50397,-42.28831,0.96396,Exp.Nes100_dDFE.Exponential/,745,0.00267,0.2656755999
99.96812,-43.11135,0.91309,Exp.Nes100_dDFE.Exponential/,740,0.00267,0.2669148804
95.63975,-39.40842,1.01019,Exp.Nes100_dDFE.Exponential/,761,0.00291,0.2783116725
69.88284,-43.79956,0.9342,Exp.Nes100_dDFE.Exponential/,294,0.00386,0.2697477624
75.09456,-41.20074,0.98065,Exp.Nes100_dDFE.Exponential/,739,0.00368,0.2763479808
53.01436,-38.9077,1.0556,Exp.Nes100_dDFE.Exponential/,992,0.00527,0.2793856772
91.1755,-41.85713,0.98306,Exp.Nes100_dDFE.Exponential/,973,0.00304,0.27717352
61.31538,-42.37575,1.0006,Exp.Nes100_dDFE.Exponential/,778,0.00455,0.278984979
74.76856,-42.16133,0.96055,Exp.Nes100_dDFE.Exponential/,376,0.0037,0.276643672
74.77549,-43.49276,0.95634,Exp.Nes100_dDFE.Exponential/,99,0.00364,0.2721827836
75.51476,-43.82704,0.94866,Exp.Nes100_dDFE.Exponential/,364,0.00354,0.2673222504
78.16665,-42.67798,0.95012,Exp.Nes100_dDFE.Exponential/,338,0.00357,0.2790549405
72.52461,-41.64602,1.00142,Exp.Nes100_dDFE.Exponential/,556,0.00378,0.2741430258
61.50737,-42.6185,0.95014,Exp.Nes100_dDFE.Exponential/,111,0.00445,0.2737077965
75.06222,-41.15432,0.94029,Exp.Nes100_dDFE.Exponential/,207,0.00364,0.2732264808
75.06296,-41.17208,0.98509,Exp.Nes100_dDFE.Exponential/,165,0.00363,0.2724785448
82.43002,-38.72869,1.01901,Exp.Nes100_dDFE.Exponential/,37,0.0033,0.272019066
88.05172,-39.27161,1.00049,Exp.Nes100_dDFE.Exponential/,580,0.00305,0.268557746
90.62312,-40.15809,1.0178,Exp.Nes100_dDFE.Exponential/,392,0.00301,0.2727755912
75.06306,-37.96528,1.05685,Exp.Nes100_dDFE.Exponential/,11,0.00376,0.2822371056
75.06305,-42.79278,0.97259,Exp.Nes100_dDFE.Exponential/,893,0.00368,0.276232024
98.94251,-42.85981,0.90369,Exp.Nes100_dDFE.Exponential/,145,0.00263,0.2602188013
75.062,-41.23624,0.96476,Exp.Nes100_dDFE.Exponential/,777,0.00364,0.27322568
98.95415,-38.62122,1.0215,Exp.Nes100_dDFE.Exponential/,524,0.00279,0.2760820785
87.20308,-41.97106,0.96062,Exp.Nes100_dDFE.Exponential/,469,0.00313,0.2729456404
72.46081,-35.67963,1.07275,Exp.Nes100_dDFE.Exponential/,956,0.00386,0.2796987266
99.42691,-41.59229,0.96148,Exp.Nes100_dDFE.Exponential/,594,0.00271,0.2694469261
87.34246,-40.19355,0.98706,Exp.Nes100_dDFE.Exponential/,118,0.00317,0.2768755982
83.65573,-44.94855,0.89586,Exp.Nes100_dDFE.Exponential/,719,0.0033,0.276063909
78.0069,-41.49272,0.95655,Exp.Nes100_dDFE.Exponential/,643,0.00352,0.274584288
69.48791,-40.10928,1.0102,Exp.Nes100_dDFE.Exponential/,157,0.00399,0.2772567609
68.95648,-41.93261,1.00876,Exp.Nes100_dDFE.Exponential/,257,0.00402,0.2772050496
90.46704,-39.38395,0.98593,Exp.Nes100_dDFE.Exponential/,595,0.00303,0.2741151312
99.41418,-43.33507,0.93495,Exp.Nes100_dDFE.Exponential/,68,0.00276,0.2743831368
81.66052,-41.51868,0.92964,Exp.Nes100_dDFE.Exponential/,394,0.00332,0.2711129264
82.93631,-45.04983,0.89102,Exp.Nes100_dDFE.Exponential/,248,0.00324,0.2687136444
87.2482,-42.38389,0.94974,Exp.Nes100_dDFE.Exponential/,527,0.00305,0.26610701
63.80439,-40.59871,1.0003,Exp.Nes100_dDFE.Exponential/,414,0.0044,0.280739316
70.60111,-39.49986,1.00089,Exp.Nes100_dDFE.Exponential/,146,0.00392,0.2767563512
78.14733,-37.38579,1.03516,Exp.Nes100_dDFE.Exponential/,159,0.00361,0.2821118613
99.86792,-43.06659,0.94136,Exp.Nes100_dDFE.Exponential/,711,0.00269,0.2686447048
61.89873,-42.70125,0.95644,Exp.Nes100_dDFE.Exponential/,607,0.00442,0.2735923866
73.61969,-40.60111,0.99939,Exp.Nes100_dDFE.Exponential/,107,0.00372,0.2738652468
56.41532,-40.01983,0.99477,Exp.Nes100_dDFE.Exponential/,766,0.00481,0.2713576892
81.75145,-42.20354,0.98612,Exp.Nes100_dDFE.Exponential/,317,0.00339,0.2771374155
65.26804,-43.26554,0.94984,Exp.Nes100_dDFE.Exponential/,468,0.00413,0.2695570052
70.13253,-43.25651,0.95636,Exp.Nes100_dDFE.Exponential/,698,0.00383,0.2686075899
99.23482,-43.43476,0.92389,Exp.Nes100_dDFE.Exponential/,508,0.00268,0.2659493176
68.76286,-43.09325,0.95463,Exp.Nes100_dDFE.Exponential/,565,0.004,0.27505144
81.44076,-44.16046,0.92217,Exp.Nes100_dDFE.Exponential/,474,0.00336,0.2736409536
71.32799,-39.98939,1.01346,Exp.Nes100_dDFE.Exponential/,868,0.00384,0.2738994816
75.05956,-44.61291,0.91274,Exp.Nes100_dDFE.Exponential/,334,0.00362,0.2717156072
75.06276,-40.33367,1.00874,Exp.Nes100_dDFE.Exponential/,712,0.00369,0.2769815844
75.06293,-41.20143,0.95815,Exp.Nes100_dDFE.Exponential/,140,0.00361,0.2709771773
57.43783,-42.84205,0.95786,Exp.Nes100_dDFE.Exponential/,753,0.00481,0.2762759623
55.91286,-42.58299,0.94811,Exp.Nes100_dDFE.Exponential/,56,0.00478,0.2672634708
99.81091,-47.32441,0.842,Exp.Nes100_dDFE.Exponential/,16,0.00264,0.2635008024
77.36182,-43.50063,0.93356,Exp.Nes100_dDFE.Exponential/,487,0.00352,0.2723136064
97.14188,-39.70375,1.01156,Exp.Nes100_dDFE.Exponential/,419,0.00276,0.2681115888
75.06122,-43.24529,0.94812,Exp.Nes100_dDFE.Exponential/,360,0.00367,0.2754746774
77.87954,-41.18643,0.98709,Exp.Nes100_dDFE.Exponential/,495,0.00349,0.2717995946
83.60049,-41.14422,0.99988,Exp.Nes100_dDFE.Exponential/,136,0.00327,0.2733736023
88.99446,-43.49892,0.91216,Exp.Nes100_dDFE.Exponential/,951,0.00289,0.2571939894
99.62662,-40.86113,0.96006,Exp.Nes100_dDFE.Exponential/,9,0.00267,0.2660030754
91.43924,-39.21853,0.98385,Exp.Nes100_dDFE.Exponential/,292,0.00294,0.2688313656
77.92868,-40.29988,0.99975,Exp.Nes100_dDFE.Exponential/,779,0.0035,0.27275038
63.89876,-40.62195,0.96862,Exp.Nes100_dDFE.Exponential/,597,0.00435,0.277959606
84.91881,-43.73746,0.92814,Exp.Nes100_dDFE.Exponential/,326,0.00325,0.2759861325
89.17616,-38.54535,1.03545,Exp.Nes100_dDFE.Exponential/,799,0.00301,0.2684202416
83.47998,-38.93996,1.01048,Exp.Nes100_dDFE.Exponential/,262,0.00332,0.2771535336
69.42841,-40.02448,1.00875,Exp.Nes100_dDFE.Exponential/,579,0.00397,0.2756307877
62.5903,-43.02343,0.97446,Exp.Nes100_dDFE.Exponential/,746,0.00437,0.273519611
54.6617,-40.46382,0.99872,Exp.Nes100_dDFE.Exponential/,203,0.00504,0.275494968
92.26131,-40.18275,1.00031,Exp.Nes100_dDFE.Exponential/,748,0.0029,0.267557799
62.774,-43.81295,0.92221,Exp.Nes100_dDFE.Exponential/,938,0.00426,0.26741724
86.06546,-39.1413,1.0035,Exp.Nes100_dDFE.Exponential/,84,0.00314,0.2702455444
75.06215,-42.88479,0.92935,Exp.Nes100_dDFE.Exponential/,86,0.00362,0.271724983
86.61021,-40.22323,0.98939,Exp.Nes100_dDFE.Exponential/,236,0.00318,0.2754204678
88.16389,-40.0652,0.99292,Exp.Nes100_dDFE.Exponential/,537,0.00305,0.2688998645
87.95627,-44.21789,0.92308,Exp.Nes100_dDFE.Exponential/,859,0.00308,0.2709053116
52.77848,-40.19314,1.01031,Exp.Nes100_dDFE.Exponential/,965,0.00518,0.2733925264
79.47342,-43.17999,0.93986,Exp.Nes100_dDFE.Exponential/,429,0.00344,0.2733885648
79.01393,-40.44746,1.00018,Exp.Nes100_dDFE.Exponential/,600,0.00347,0.2741783371
99.70615,-44.65562,0.90946,Exp.Nes100_dDFE.Exponential/,500,0.00265,0.2642212975
99.46035,-44.42121,0.88994,Exp.Nes100_dDFE.Exponential/,231,0.00271,0.2695375485
99.50463,-41.18794,0.94036,Exp.Nes100_dDFE.Exponential/,854,0.00267,0.2656773621
93.60473,-39.06775,1.00641,Exp.Nes100_dDFE.Exponential/,749,0.00299,0.2798781427
99.79961,-42.58032,0.93966,Exp.Nes100_dDFE.Exponential/,476,0.00269,0.2684609509
87.0149,-43.15871,0.9239,Exp.Nes100_dDFE.Exponential/,149,0.00309,0.268876041
58.27833,-38.52865,1.04355,Exp.Nes100_dDFE.Exponential/,642,0.00481,0.2803187673
74.93661,-42.01951,0.94821,Exp.Nes100_dDFE.Exponential/,706,0.00357,0.2675236977
95.40624,-46.58364,0.86887,Exp.Nes100_dDFE.Exponential/,478,0.00277,0.2642752848
76.73031,-39.40498,1.01119,Exp.Nes100_dDFE.Exponential/,952,0.00363,0.2785310253
68.80743,-43.85879,0.92221,Exp.Nes100_dDFE.Exponential/,596,0.00397,0.2731654971
74.33172,-40.80301,0.98448,Exp.Nes100_dDFE.Exponential/,631,0.00365,0.271310778
71.01813,-43.22478,0.94927,Exp.Nes100_dDFE.Exponential/,652,0.0038,0.269868894
99.66393,-39.89898,1.01457,Exp.Nes100_dDFE.Exponential/,488,0.00268,0.2670993324
88.64149,-38.77349,1.02912,Exp.Nes100_dDFE.Exponential/,284,0.00313,0.2774478637
83.98414,-40.43362,0.95452,Exp.Nes100_dDFE.Exponential/,562,0.00325,0.272948455
89.00106,-41.48013,0.94833,Exp.Nes100_dDFE.Exponential/,189,0.00301,0.2678931906
75.03384,-38.51889,1.01117,Exp.Nes100_dDFE.Exponential/,589,0.00361,0.2708721624
84.17222,-45.54654,0.90972,Exp.Nes100_dDFE.Exponential/,280,0.00318,0.2676676596
71.53856,-41.08505,0.98279,Exp.Nes100_dDFE.Exponential/,515,0.00379,0.2711311424
82.82129,-40.64669,0.9772,Exp.Nes100_dDFE.Exponential/,666,0.00333,0.2757948957
64.48057,-40.6096,0.99867,Exp.Nes100_dDFE.Exponential/,46,0.0042,0.270818394
98.63392,-39.49163,1.01338,Exp.Nes100_dDFE.Exponential/,147,0.00281,0.2771613152
99.69337,-41.87288,0.96409,Exp.Nes100_dDFE.Exponential/,135,0.0027,0.269172099
94.27016,-41.33812,0.95056,Exp.Nes100_dDFE.Exponential/,554,0.00284,0.2677272544
79.78323,-43.06815,0.93225,Exp.Nes100_dDFE.Exponential/,727,0.00336,0.2680716528
99.74192,-44.98179,0.89382,Exp.Nes100_dDFE.Exponential/,774,0.00274,0.2732928608
64.85734,-40.43147,0.9995,Exp.Nes100_dDFE.Exponential/,861,0.00429,0.2782379886
70.14657,-44.13556,0.92813,Exp.Nes100_dDFE.Exponential/,855,0.00387,0.2714672259
98.24984,-37.88675,1.06096,Exp.Nes100_dDFE.Exponential/,156,0.00282,0.2770645488
78.68864,-42.17148,0.96607,Exp.Nes100_dDFE.Exponential/,325,0.00341,0.2683282624
99.82703,-43.77759,0.90254,Exp.Nes100_dDFE.Exponential/,125,0.00265,0.2645416295
91.05521,-40.22072,0.9713,Exp.Nes100_dDFE.Exponential/,546,0.00299,0.2722550779
89.99016,-39.68282,0.98594,Exp.Nes100_dDFE.Exponential/,143,0.00301,0.2708703816
92.40368,-39.27777,0.98704,Exp.Nes100_dDFE.Exponential/,260,0.00294,0.2716668192
85.48774,-38.96645,1.00643,Exp.Nes100_dDFE.Exponential/,368,0.00314,0.2684315036
74.72127,-40.6591,1.00493,Exp.Nes100_dDFE.Exponential/,737,0.00378,0.2824464006
58.93538,-39.9804,1.00713,Exp.Nes100_dDFE.Exponential/,602,0.00457,0.2693346866
80.09644,-43.64431,0.94911,Exp.Nes100_dDFE.Exponential/,255,0.00336,0.2691240384
88.54244,-39.80595,1.00515,Exp.Nes100_dDFE.Exponential/,701,0.00313,0.2771378372
75.09424,-41.69122,0.95158,Exp.Nes100_dDFE.Exponential/,239,0.00359,0.2695883216
75.09439,-40.65226,0.97382,Exp.Nes100_dDFE.Exponential/,174,0.00362,0.2718416918
80.05493,-40.81564,0.97721,Exp.Nes100_dDFE.Exponential/,232,0.00346,0.2769900578
90.99506,-40.67931,0.9778,Exp.Nes100_dDFE.Exponential/,569,0.003,0.27298518
98.47199,-40.26332,0.966,Exp.Nes100_dDFE.Exponential/,657,0.00276,0.2717826924
86.01208,-39.38115,0.99869,Exp.Nes100_dDFE.Exponential/,499,0.00323,0.2778190184
53.12793,-41.60915,0.9871,Exp.Nes100_dDFE.Exponential/,927,0.00509,0.2704211637
84.74979,-44.40271,0.93959,Exp.Nes100_dDFE.Exponential/,225,0.00327,0.2771318133
45.69639,-40.33005,1.02628,Exp.Nes100_dDFE.Exponential/,291,0.00606,0.2769201234
99.70111,-43.78327,0.92314,Exp.Nes100_dDFE.Exponential/,409,0.00266,0.2652049526
90.57125,-40.37144,1.00882,Exp.Nes100_dDFE.Exponential/,471,0.00315,0.2852994375
88.76898,-43.06133,0.94801,Exp.Nes100_dDFE.Exponential/,192,0.00305,0.270745389
94.22857,-40.61509,0.97459,Exp.Nes100_dDFE.Exponential/,785,0.00293,0.2760897101
65.26676,-45.07208,0.92208,Exp.Nes100_dDFE.Exponential/,555,0.00417,0.2721623892
92.51386,-39.00524,0.99975,Exp.Nes100_dDFE.Exponential/,124,0.00296,0.2738410256
98.33119,-43.0699,0.93024,Exp.Nes100_dDFE.Exponential/,763,0.00271,0.2664775249
98.37123,-43.697,0.92222,Exp.Nes100_dDFE.Exponential/,302,0.00272,0.2675697456
78.9102,-42.21533,0.98063,Exp.Nes100_dDFE.Exponential/,990,0.00344,0.271451088
83.70188,-42.28733,0.95666,Exp.Nes100_dDFE.Exponential/,974,0.00327,0.2737051476
97.91646,-38.74208,1.03007,Exp.Nes100_dDFE.Exponential/,480,0.00279,0.2731869234
88.40298,-39.78415,1.00091,Exp.Nes100_dDFE.Exponential/,191,0.00312,0.2758172976
83.77296,-38.96474,1.05004,Exp.Nes100_dDFE.Exponential/,964,0.00338,0.2831526048
97.40096,-45.93799,0.8697,Exp.Nes100_dDFE.Exponential/,846,0.00272,0.2649306112
69.58633,-40.53342,0.99493,Exp.Nes100_dDFE.Exponential/,69,0.00399,0.2776494567
46.11136,-43.72127,0.96071,Exp.Nes100_dDFE.Exponential/,606,0.00592,0.2729792512
48.09241,-37.00518,1.08928,Exp.Nes100_dDFE.Exponential/,208,0.00585,0.2813405985
87.30778,-47.63298,0.86878,Exp.Nes100_dDFE.Exponential/,66,0.00314,0.2741464292
54.47382,-41.99291,0.96607,Exp.Nes100_dDFE.Exponential/,516,0.00503,0.2740033146
93.70237,-40.43116,0.96274,Exp.Nes100_dDFE.Exponential/,797,0.00292,0.2736109204
95.68069,-43.00694,0.96032,Exp.Nes100_dDFE.Exponential/,123,0.00278,0.2659923182
99.44871,-46.02837,0.87554,Exp.Nes100_dDFE.Exponential/,933,0.00264,0.2625445944
74.24054,-42.49531,0.95461,Exp.Nes100_dDFE.Exponential/,608,0.00379,0.2813716466
63.91427,-44.19323,0.92308,Exp.Nes100_dDFE.Exponential/,783,0.00427,0.2729139329
75.06298,-43.72632,0.94028,Exp.Nes100_dDFE.Exponential/,983,0.00364,0.2732292472
75.06181,-44.80154,0.92178,Exp.Nes100_dDFE.Exponential/,618,0.00357,0.2679706617
75.09439,-45.00905,0.91763,Exp.Nes100_dDFE.Exponential/,521,0.00367,0.2755964113
95.33522,-40.39098,0.99129,Exp.Nes100_dDFE.Exponential/,581,0.00286,0.2726587292
81.82601,-43.9946,0.93493,Exp.Nes100_dDFE.Exponential/,116,0.00328,0.2683893128
75.06269,-41.60689,0.97806,Exp.Nes100_dDFE.Exponential/,603,0.00365,0.2739788185
54.29626,-42.29051,0.96215,Exp.Nes100_dDFE.Exponential/,528,0.0051,0.276910926
67.81169,-40.94395,1.0001,Exp.Nes100_dDFE.Exponential/,678,0.00413,0.2800622797
83.00812,-40.648,0.95664,Exp.Nes100_dDFE.Exponential/,536,0.0033,0.273926796
84.15154,-42.47679,0.93457,Exp.Nes100_dDFE.Exponential/,825,0.00327,0.2751755358
99.83193,-43.79088,0.89884,Exp.Nes100_dDFE.Exponential/,638,0.0027,0.269546211
76.73577,-43.09072,0.91171,Exp.Nes100_dDFE.Exponential/,458,0.00355,0.2724119835
74.01791,-43.60528,0.92724,Exp.Nes100_dDFE.Exponential/,20,0.00364,0.2694251924
96.88961,-41.87283,0.9397,Exp.Nes100_dDFE.Exponential/,881,0.00278,0.2693531158
88.61196,-40.21329,0.97716,Exp.Nes100_dDFE.Exponential/,496,0.00303,0.2684942388
59.6121,-42.08121,0.9872,Exp.Nes100_dDFE.Exponential/,997,0.00459,0.273619539
71.0605,-40.31636,0.99888,Exp.Nes100_dDFE.Exponential/,182,0.00394,0.27997837
75.06287,-38.01264,1.03975,Exp.Nes100_dDFE.Exponential/,836,0.0037,0.277732619
64.05433,-41.66207,0.98721,Exp.Nes100_dDFE.Exponential/,152,0.00428,0.2741525324
88.21423,-43.37815,0.92388,Exp.Nes100_dDFE.Exponential/,374,0.00302,0.2664069746
56.68409,-38.01822,1.06449,Exp.Nes100_dDFE.Exponential/,311,0.00487,0.2760515183
98.25529,-44.00358,0.88969,Exp.Nes100_dDFE.Exponential/,924,0.00273,0.2682369417
87.56374,-43.38504,0.95635,Exp.Nes100_dDFE.Exponential/,78,0.00314,0.2749501436
54.28468,-41.10827,0.99959,Exp.Nes100_dDFE.Exponential/,457,0.00504,0.2735947872
99.77226,-47.08678,0.88776,Exp.Nes100_dDFE.Exponential/,801,0.00265,0.264396489
61.92467,-40.0073,1.05553,Exp.Nes100_dDFE.Exponential/,383,0.00457,0.2829957419
50.03321,-37.62643,1.06904,Exp.Nes100_dDFE.Exponential/,186,0.00555,0.2776843155
97.2739,-44.22026,0.90316,Exp.Nes100_dDFE.Exponential/,404,0.00283,0.275285137
70.5026,-38.71965,1.02268,Exp.Nes100_dDFE.Exponential/,209,0.00384,0.270729984
81.10355,-42.88962,0.94803,Exp.Nes100_dDFE.Exponential/,79,0.00339,0.2749410345
87.22716,-42.3946,0.94734,Exp.Nes100_dDFE.Exponential/,462,0.0031,0.270404196
72.68581,-40.61223,0.97458,Exp.Nes100_dDFE.Exponential/,197,0.00378,0.2747523618
71.63136,-35.45367,1.08904,Exp.Nes100_dDFE.Exponential/,822,0.00377,0.2700502272
76.6585,-43.3232,0.94471,Exp.Nes100_dDFE.Exponential/,659,0.00362,0.27750377
50.27711,-39.15455,1.03146,Exp.Nes100_dDFE.Exponential/,97,0.00542,0.2725019362
80.8804,-45.79894,0.89882,Exp.Nes100_dDFE.Exponential/,816,0.00335,0.27094934
50.19732,-41.11913,1.03197,Exp.Nes100_dDFE.Exponential/,898,0.00577,0.2896385364
80.31123,-41.17956,0.97459,Exp.Nes100_dDFE.Exponential/,687,0.00345,0.2770737435
81.99314,-41.25889,0.96125,Exp.Nes100_dDFE.Exponential/,995,0.00332,0.2722172248
80.35919,-42.91468,0.92818,Exp.Nes100_dDFE.Exponential/,71,0.00333,0.2675961027
99.87574,-43.71585,0.92971,Exp.Nes100_dDFE.Exponential/,707,0.0026,0.259676924
66.05021,-42.60888,0.95643,Exp.Nes100_dDFE.Exponential/,218,0.0041,0.270805861
93.0775,-45.70281,0.92201,Exp.Nes100_dDFE.Exponential/,103,0.00288,0.2680632
60.41415,-43.21478,0.94926,Exp.Nes100_dDFE.Exponential/,807,0.00442,0.267030543
98.93688,-44.73537,0.9089,Exp.Nes100_dDFE.Exponential/,653,0.00271,0.2681189448
73.50222,-40.18054,0.98296,Exp.Nes100_dDFE.Exponential/,808,0.00371,0.2726932362
81.8677,-43.00814,0.92844,Exp.Nes100_dDFE.Exponential/,751,0.00334,0.273438118
69.86249,-40.87231,1.01027,Exp.Nes100_dDFE.Exponential/,28,0.00387,0.2703678363
99.94718,-44.6694,0.91758,Exp.Nes100_dDFE.Exponential/,535,0.0027,0.269857386
75.06191,-42.18045,0.94461,Exp.Nes100_dDFE.Exponential/,916,0.00365,0.2739759715
99.0632,-42.04506,0.94505,Exp.Nes100_dDFE.Exponential/,865,0.00269,0.266480008
99.91001,-44.29859,0.90917,Exp.Nes100_dDFE.Exponential/,694,0.00267,0.2667597267
91.88883,-43.46698,0.92656,Exp.Nes100_dDFE.Exponential/,741,0.00293,0.2692342719
98.47383,-43.49008,0.94905,Exp.Nes100_dDFE.Exponential/,567,0.00277,0.2727725091
65.80668,-38.79577,1.04658,Exp.Nes100_dDFE.Exponential/,917,0.00429,0.2823106572
99.94164,-41.33862,0.9726,Exp.Nes100_dDFE.Exponential/,54,0.00269,0.2688430116
62.87124,-39.27393,0.99287,Exp.Nes100_dDFE.Exponential/,699,0.00432,0.2716037568
56.15456,-42.82205,0.99595,Exp.Nes100_dDFE.Exponential/,482,0.0051,0.286388256
99.63071,-42.26276,0.95903,Exp.Nes100_dDFE.Exponential/,166,0.00276,0.2749807596
79.83383,-39.13341,1.02461,Exp.Nes100_dDFE.Exponential/,873,0.00347,0.2770233901
50.08994,-43.39184,0.92378,Exp.Nes100_dDFE.Exponential/,75,0.00537,0.2689829778
99.17532,-46.04918,0.86827,Exp.Nes100_dDFE.Exponential/,944,0.0027,0.267773364
53.53685,-42.88949,0.96035,Exp.Nes100_dDFE.Exponential/,184,0.00501,0.2682196185
99.12078,-42.08256,0.93435,Exp.Nes100_dDFE.Exponential/,909,0.00268,0.2656436904
79.53488,-43.10776,0.93378,Exp.Nes100_dDFE.Exponential/,300,0.00341,0.2712139408
96.91268,-42.98437,0.93989,Exp.Nes100_dDFE.Exponential/,718,0.0028,0.271355504
75.37968,-40.85371,1.01195,Exp.Nes100_dDFE.Exponential/,128,0.00364,0.2743820352
95.03411,-42.33775,0.93027,Exp.Nes100_dDFE.Exponential/,244,0.00285,0.2708472135
72.6923,-36.14371,1.11005,Exp.Nes100_dDFE.Exponential/,247,0.00393,0.285680739
75.06314,-37.37179,1.08271,Exp.Nes100_dDFE.Exponential/,853,0.00373,0.2799855122
78.63439,-40.41945,0.99477,Exp.Nes100_dDFE.Exponential/,378,0.00352,0.2767930528
72.542,-39.84808,1.00358,Exp.Nes100_dDFE.Exponential/,109,0.00374,0.27130708
99.28211,-42.49039,0.95369,Exp.Nes100_dDFE.Exponential/,344,0.00273,0.2710401603
90.9494,-42.91807,0.92665,Exp.Nes100_dDFE.Exponential/,272,0.00295,0.26830073
58.14045,-41.24359,0.99498,Exp.Nes100_dDFE.Exponential/,987,0.00482,0.280236969
68.51055,-43.65934,0.94789,Exp.Nes100_dDFE.Exponential/,890,0.00406,0.278152833
61.7866,-42.00916,0.96605,Exp.Nes100_dDFE.Exponential/,235,0.00444,0.274332504
70.2259,-40.5915,0.95666,Exp.Nes100_dDFE.Exponential/,444,0.00401,0.281605859
72.82029,-40.3263,0.97714,Exp.Nes100_dDFE.Exponential/,200,0.0038,0.276717102
75.06303,-42.70867,0.92977,Exp.Nes100_dDFE.Exponential/,921,0.00368,0.2762319504
86.38632,-42.3972,0.94362,Exp.Nes100_dDFE.Exponential/,327,0.00311,0.2686614552
88.18116,-41.34497,0.98713,Exp.Nes100_dDFE.Exponential/,316,0.00316,0.2786524656
41.90095,-39.04596,1.09598,Exp.Nes100_dDFE.Exponential/,949,0.0068,0.28492646
67.32532,-43.69255,0.93159,Exp.Nes100_dDFE.Exponential/,245,0.00404,0.2719942928
99.49498,-42.32108,0.96107,Exp.Nes100_dDFE.Exponential/,254,0.00277,0.2756010946
98.03368,-40.20976,0.96592,Exp.Nes100_dDFE.Exponential/,709,0.00284,0.2784156512
88.50875,-41.80772,0.96066,Exp.Nes100_dDFE.Exponential/,436,0.0031,0.274377125
91.878,-41.54145,0.96473,Exp.Nes100_dDFE.Exponential/,889,0.00292,0.26828376
78.11501,-41.4472,0.96603,Exp.Nes100_dDFE.Exponential/,155,0.00346,0.2702779346
69.97642,-43.52217,0.94986,Exp.Nes100_dDFE.Exponential/,390,0.00394,0.2757070948
75.09438,-46.94677,0.89344,Exp.Nes100_dDFE.Exponential/,932,0.00362,0.2718416556
75.06279,-42.72564,0.93038,Exp.Nes100_dDFE.Exponential/,416,0.00374,0.2807348346
72.69602,-44.83972,0.90461,Exp.Nes100_dDFE.Exponential/,811,0.00361,0.2624326322
91.75618,-43.46295,0.92815,Exp.Nes100_dDFE.Exponential/,304,0.00288,0.2642577984
89.03071,-41.48128,0.98665,Exp.Nes100_dDFE.Exponential/,105,0.00313,0.2786661223
99.78029,-44.49383,0.90375,Exp.Nes100_dDFE.Exponential/,63,0.00267,0.2664133743
76.84087,-43.56154,0.93653,Exp.Nes100_dDFE.Exponential/,306,0.00345,0.2651010015
98.33721,-42.09299,0.95625,Exp.Nes100_dDFE.Exponential/,911,0.00273,0.2684605833
89.03559,-42.30197,0.95463,Exp.Nes100_dDFE.Exponential/,361,0.0031,0.276010329
84.24008,-42.18743,0.94818,Exp.Nes100_dDFE.Exponential/,584,0.00324,0.2729378592
99.75176,-46.39187,0.86396,Exp.Nes100_dDFE.Exponential/,230,0.00264,0.2633446464
92.01312,-41.18746,0.9566,Exp.Nes100_dDFE.Exponential/,340,0.00292,0.2686783104
85.71894,-40.30592,1.00707,Exp.Nes100_dDFE.Exponential/,246,0.00325,0.278586555
92.23929,-42.14208,0.9482,Exp.Nes100_dDFE.Exponential/,150,0.00289,0.2665715481
83.451,-42.54037,0.92394,Exp.Nes100_dDFE.Exponential/,15,0.00322,0.26871222
98.61311,-46.93426,0.88912,Exp.Nes100_dDFE.Exponential/,650,0.00271,0.2672415281
75.06288,-40.71734,0.9642,Exp.Nes100_dDFE.Exponential/,493,0.00352,0.2642213376
83.38545,-40.80114,1.0113,Exp.Nes100_dDFE.Exponential/,466,0.00335,0.2793412575
71.28408,-39.01916,1.04173,Exp.Nes100_dDFE.Exponential/,792,0.00395,0.281572116
59.52312,-40.34833,1.00028,Exp.Nes100_dDFE.Exponential/,307,0.00466,0.2773777392
88.48922,-45.18082,0.92809,Exp.Nes100_dDFE.Exponential/,410,0.00303,0.2681223366
75.06295,-41.0596,0.98999,Exp.Nes100_dDFE.Exponential/,670,0.00369,0.2769822855
50.70826,-39.14218,1.04421,Exp.Nes100_dDFE.Exponential/,522,0.00538,0.2728104388
86.17333,-39.41368,0.96588,Exp.Nes100_dDFE.Exponential/,104,0.00309,0.2662755897
94.44892,-41.49508,0.93452,Exp.Nes100_dDFE.Exponential/,352,0.00289,0.2729573788
98.86269,-41.07124,0.93126,Exp.Nes100_dDFE.Exponential/,29,0.00278,0.2748382782
75.06202,-45.26002,0.90712,Exp.Nes100_dDFE.Exponential/,648,0.00363,0.2724751326
99.93586,-45.29237,0.88224,Exp.Nes100_dDFE.Exponential/,437,0.00261,0.2608325946
94.25163,-41.43937,0.95655,Exp.Nes100_dDFE.Exponential/,784,0.00284,0.2676746292
98.1777,-43.95894,0.94366,Exp.Nes100_dDFE.Exponential/,35,0.00282,0.276861114
80.9076,-40.81711,0.97722,Exp.Nes100_dDFE.Exponential/,971,0.00345,0.27913122
99.47614,-38.52828,1.02408,Exp.Nes100_dDFE.Exponential/,685,0.00275,0.273559385
95.62539,-39.29477,0.99286,Exp.Nes100_dDFE.Exponential/,121,0.00287,0.2744448693
80.79046,-40.9826,0.98301,Exp.Nes100_dDFE.Exponential/,872,0.00351,0.2835745146
84.07985,-40.23721,0.97714,Exp.Nes100_dDFE.Exponential/,447,0.00335,0.2816674975
62.46032,-41.23349,0.99964,Exp.Nes100_dDFE.Exponential/,459,0.00436,0.2723269952
94.15642,-44.32722,0.90363,Exp.Nes100_dDFE.Exponential/,411,0.00289,0.2721120538
95.70198,-41.37492,0.96016,Exp.Nes100_dDFE.Exponential/,435,0.00292,0.2794497816
78.73804,-40.92988,0.96616,Exp.Nes100_dDFE.Exponential/,127,0.00345,0.271646238
72.94914,-42.5559,0.95644,Exp.Nes100_dDFE.Exponential/,445,0.00374,0.2728297836
76.9733,-41.92314,0.95035,Exp.Nes100_dDFE.Exponential/,130,0.0035,0.26940655
92.88065,-41.75612,0.98991,Exp.Nes100_dDFE.Exponential/,791,0.00293,0.2721403045
59.96295,-40.15935,1.00102,Exp.Nes100_dDFE.Exponential/,100,0.00454,0.272231793
89.18752,-41.34564,0.95655,Exp.Nes100_dDFE.Exponential/,622,0.00308,0.2746975616
85.40069,-40.91739,0.97453,Exp.Nes100_dDFE.Exponential/,180,0.00316,0.2698661804
75.09449,-46.42461,0.88368,Exp.Nes100_dDFE.Exponential/,210,0.00357,0.2680873293
79.16138,-39.01507,1.00515,Exp.Nes100_dDFE.Exponential/,514,0.0035,0.27706483
75.0631,-42.26113,0.92801,Exp.Nes100_dDFE.Exponential/,452,0.0036,0.27022716
95.45584,-41.90645,0.97736,Exp.Nes100_dDFE.Exponential/,843,0.00286,0.2730037024
75.06089,-39.5478,1.03052,Exp.Nes100_dDFE.Exponential/,81,0.00373,0.2799771197
75.09439,-46.2057,0.88989,Exp.Nes100_dDFE.Exponential/,645,0.00358,0.2688379162
90.78108,-44.84699,0.90192,Exp.Nes100_dDFE.Exponential/,894,0.00307,0.2786979156
98.84508,-41.88262,0.96388,Exp.Nes100_dDFE.Exponential/,529,0.00272,0.2688586176
61.08122,-42.00833,0.9546,Exp.Nes100_dDFE.Exponential/,465,0.00435,0.265703307
98.91124,-43.18093,0.93142,Exp.Nes100_dDFE.Exponential/,632,0.0027,0.267060348
59.68824,-40.85615,0.99883,Exp.Nes100_dDFE.Exponential/,33,0.00455,0.271581492
99.78663,-44.76015,0.90294,Exp.Nes100_dDFE.Exponential/,767,0.00274,0.2734153662
98.61867,-41.28106,0.95658,Exp.Nes100_dDFE.Exponential/,283,0.00274,0.2702151558
52.77412,-38.28151,1.05402,Exp.Nes100_dDFE.Exponential/,252,0.00528,0.2786473536
94.58475,-43.43731,0.9092,Exp.Nes100_dDFE.Exponential/,36,0.00286,0.270512385
93.45688,-40.08707,0.96594,Exp.Nes100_dDFE.Exponential/,782,0.00291,0.2719595208
86.21456,-38.1414,1.00191,Exp.Nes100_dDFE.Exponential/,738,0.00318,0.2741623008
90.30363,-41.48558,0.95661,Exp.Nes100_dDFE.Exponential/,51,0.00303,0.2736199989
99.7396,-42.44928,0.91951,Exp.Nes100_dDFE.Exponential/,640,0.0028,0.27927088
85.5107,-41.52203,0.9871,Exp.Nes100_dDFE.Exponential/,178,0.00325,0.277909775
99.35312,-42.60313,0.94702,Exp.Nes100_dDFE.Exponential/,418,0.00273,0.2712340176
98.96704,-46.37837,0.87221,Exp.Nes100_dDFE.Exponential/,833,0.00268,0.2652316672
99.76197,-44.53498,0.88173,Exp.Nes100_dDFE.Exponential/,479,0.00272,0.2713525584
77.54821,-40.66935,0.96101,Exp.Nes100_dDFE.Exponential/,112,0.00342,0.2652148782
72.98206,-39.04949,0.99777,Exp.Nes100_dDFE.Exponential/,122,0.00368,0.2685739808
87.98014,-42.27553,0.92397,Exp.Nes100_dDFE.Exponential/,477,0.00307,0.2700990298
70.77593,-42.97704,0.98615,Exp.Nes100_dDFE.Exponential/,278,0.00397,0.2809804421
60.32106,-39.32666,1.03126,Exp.Nes100_dDFE.Exponential/,23,0.00459,0.2768736654
94.51699,-48.34838,0.87054,Exp.Nes100_dDFE.Exponential/,19,0.0028,0.264647572
98.22942,-39.90607,0.98596,Exp.Nes100_dDFE.Exponential/,863,0.00281,0.2760246702
85.9362,-40.1661,0.99293,Exp.Nes100_dDFE.Exponential/,43,0.00322,0.276714564
65.42677,-41.03731,0.966,Exp.Nes100_dDFE.Exponential/,268,0.00413,0.2702125601
88.95906,-42.53484,0.97449,Exp.Nes100_dDFE.Exponential/,133,0.00311,0.2766626766
67.24304,-44.12854,0.92125,Exp.Nes100_dDFE.Exponential/,460,0.00403,0.2709894512
86.04629,-40.10075,1.00516,Exp.Nes100_dDFE.Exponential/,923,0.00327,0.2813713683
63.18395,-41.90724,0.99921,Exp.Nes100_dDFE.Exponential/,240,0.00446,0.281800417
53.42577,-44.27978,0.96607,Exp.Nes100_dDFE.Exponential/,65,0.0051,0.272471427
74.2316,-39.81033,1.0053,Exp.Nes100_dDFE.Exponential/,485,0.00366,0.271687656
75.09443,-42.85709,0.95946,Exp.Nes100_dDFE.Exponential/,800,0.00377,0.2831060011
87.06602,-39.77065,0.9771,Exp.Nes100_dDFE.Exponential/,484,0.00312,0.2716459824
56.3155,-42.37511,0.96591,Exp.Nes100_dDFE.Exponential/,636,0.00492,0.27707226
99.2114,-41.07518,0.98301,Exp.Nes100_dDFE.Exponential/,708,0.00275,0.27283135
75.06301,-37.99841,1.04754,Exp.Nes100_dDFE.Exponential/,175,0.00366,0.2747306166
99.94849,-44.61869,0.91223,Exp.Nes100_dDFE.Exponential/,287,0.00269,0.2688614381
50.05001,-43.07384,0.9603,Exp.Nes100_dDFE.Exponential/,369,0.00546,0.2732730546
86.86461,-46.49994,0.87732,Exp.Nes100_dDFE.Exponential/,673,0.00309,0.2684116449
80.48762,-42.9328,0.93992,Exp.Nes100_dDFE.Exponential/,720,0.00339,0.2728530318
85.87188,-42.31304,0.95846,Exp.Nes100_dDFE.Exponential/,40,0.00321,0.2756487348
87.13703,-45.26247,0.88287,Exp.Nes100_dDFE.Exponential/,831,0.00299,0.2605397197
52.20934,-43.39158,0.96612,Exp.Nes100_dDFE.Exponential/,582,0.00515,0.268878101
63.56887,-47.08488,0.87432,Exp.Nes100_dDFE.Exponential/,449,0.00416,0.2644464992
90.03052,-38.8628,1.01172,Exp.Nes100_dDFE.Exponential/,219,0.00305,0.274593086
75.06204,-44.37427,0.89244,Exp.Nes100_dDFE.Exponential/,224,0.00361,0.2709739644
70.5102,-40.62689,1.00711,Exp.Nes100_dDFE.Exponential/,958,0.00395,0.27851529
79.59907,-36.91449,1.03688,Exp.Nes100_dDFE.Exponential/,637,0.00349,0.2778007543
98.47615,-43.41895,0.92389,Exp.Nes100_dDFE.Exponential/,553,0.00273,0.2688398895
84.87372,-40.05598,0.99293,Exp.Nes100_dDFE.Exponential/,228,0.00325,0.27583959
68.72825,-39.32232,0.9829,Exp.Nes100_dDFE.Exponential/,249,0.00401,0.2756002825
91.43293,-44.32631,0.89744,Exp.Nes100_dDFE.Exponential/,501,0.0029,0.265155497
99.35995,-41.37334,0.97037,Exp.Nes100_dDFE.Exponential/,442,0.00269,0.2672782655
99.89604,-43.73398,0.93011,Exp.Nes100_dDFE.Exponential/,915,0.00271,0.2707182684
50.79078,-40.06941,0.98703,Exp.Nes100_dDFE.Exponential/,193,0.00535,0.271730673
99.7604,-42.58017,0.90578,Exp.Nes100_dDFE.Exponential/,601,0.00266,0.265362664
80.64925,-38.81061,1.02823,Exp.Nes100_dDFE.Exponential/,907,0.00344,0.27743342
75.09428,-42.52438,0.94203,Exp.Nes100_dDFE.Exponential/,710,0.00356,0.2673356368
59.08555,-42.58948,0.94496,Exp.Nes100_dDFE.Exponential/,195,0.00479,0.2830197845
90.05117,-42.58678,0.9358,Exp.Nes100_dDFE.Exponential/,879,0.00298,0.2683524866
96.56574,-41.35059,0.95648,Exp.Nes100_dDFE.Exponential/,50,0.00277,0.2674870998
50.02926,-36.91267,1.09715,Exp.Nes100_dDFE.Exponential/,996,0.00542,0.2711585892
99.86495,-44.75912,0.92979,Exp.Nes100_dDFE.Exponential/,351,0.00266,0.265640767
83.15917,-40.15259,1.01026,Exp.Nes100_dDFE.Exponential/,141,0.00334,0.2777516278
99.24439,-41.41987,0.94568,Exp.Nes100_dDFE.Exponential/,545,0.00273,0.2709371847
99.90232,-40.09963,0.97065,Exp.Nes100_dDFE.Exponential/,913,0.0027,0.269736264
53.00799,-42.29842,0.94817,Exp.Nes100_dDFE.Exponential/,170,0.0052,0.275641548
81.7884,-40.87813,0.98746,Exp.Nes100_dDFE.Exponential/,512,0.00336,0.274809024
50.02782,-39.89548,1.04235,Exp.Nes100_dDFE.Exponential/,665,0.00548,0.2741524536
58.14196,-38.81458,1.0356,Exp.Nes100_dDFE.Exponential/,655,0.0046,0.267453016
98.52225,-42.45344,0.90684,Exp.Nes100_dDFE.Exponential/,560,0.00267,0.2630544075
98.2324,-41.39137,0.96906,Exp.Nes100_dDFE.Exponential/,52,0.00282,0.277015368
76.05628,-44.61379,0.92475,Exp.Nes100_dDFE.Exponential/,692,0.00359,0.2730420452
89.51655,-40.82166,1.00319,Exp.Nes100_dDFE.Exponential/,233,0.00313,0.2801868015
89.51044,-40.93303,0.97427,Exp.Nes100_dDFE.Exponential/,346,0.00313,0.2801676772
70.70066,-38.69347,1.00345,Exp.Nes100_dDFE.Exponential/,406,0.00385,0.272197541
53.36602,-36.59717,1.12271,Exp.Nes100_dDFE.Exponential/,704,0.0052,0.277503304
62.31314,-37.88951,1.04556,Exp.Nes100_dDFE.Exponential/,972,0.00433,0.2698158962
59.75392,-38.54935,1.01019,Exp.Nes100_dDFE.Exponential/,486,0.00443,0.2647098656
99.12211,-39.27206,1.00707,Exp.Nes100_dDFE.Exponential/,696,0.00277,0.2745682447
99.61229,-42.81395,0.95754,Exp.Nes100_dDFE.Exponential/,647,0.00274,0.2729376746
99.75298,-46.48381,0.8782,Exp.Nes100_dDFE.Exponential/,912,0.00274,0.2733231652
75.06348,-46.43937,0.87285,Exp.Nes100_dDFE.Exponential/,89,0.0036,0.270228528
94.28665,-42.1346,0.97607,Exp.Nes100_dDFE.Exponential/,849,0.00292,0.275317018
75.06244,-38.87106,1.00872,Exp.Nes100_dDFE.Exponential/,624,0.00366,0.2747285304
71.437,-40.69947,0.97717,Exp.Nes100_dDFE.Exponential/,385,0.00391,0.27931867
75.0631,-41.46496,0.96345,Exp.Nes100_dDFE.Exponential/,62,0.00364,0.273229684
90.45554,-43.79179,0.93973,Exp.Nes100_dDFE.Exponential/,183,0.003,0.27136662
93.70467,-42.83847,0.95228,Exp.Nes100_dDFE.Exponential/,41,0.0029,0.271743543
99.50151,-40.42137,0.95756,Exp.Nes100_dDFE.Exponential/,830,0.00271,0.2696490921
72.69434,-39.09333,1.01758,Exp.Nes100_dDFE.Exponential/,309,0.00378,0.2747846052
70.37637,-42.07489,0.97462,Exp.Nes100_dDFE.Exponential/,806,0.00389,0.2737640793
77.56083,-41.77864,0.95651,Exp.Nes100_dDFE.Exponential/,433,0.00344,0.2668092552
56.47997,-39.05845,1.03609,Exp.Nes100_dDFE.Exponential/,795,0.00484,0.2733630548
63.19715,-38.83503,1.06387,Exp.Nes100_dDFE.Exponential/,139,0.00444,0.280595346
75.0945,-42.68671,0.94069,Exp.Nes100_dDFE.Exponential/,190,0.00365,0.274094925
67.3812,-41.76192,0.97723,Exp.Nes100_dDFE.Exponential/,48,0.00405,0.27289386
98.63166,-41.30585,0.96348,Exp.Nes100_dDFE.Exponential/,220,0.00274,0.2702507484
69.5923,-44.19261,0.92383,Exp.Nes100_dDFE.Exponential/,736,0.00378,0.263058894
75.85803,-46.1348,0.89579,Exp.Nes100_dDFE.Exponential/,728,0.00358,0.2715717474
75.09432,-41.09436,0.97604,Exp.Nes100_dDFE.Exponential/,345,0.00373,0.2801018136
67.44456,-39.35733,1.00022,Exp.Nes100_dDFE.Exponential/,649,0.00412,0.2778715872
81.1159,-44.84825,0.94253,Exp.Nes100_dDFE.Exponential/,251,0.00335,0.271738265
91.19642,-41.9734,0.94392,Exp.Nes100_dDFE.Exponential/,963,0.00305,0.278149081
67.03358,-38.91007,1.03741,Exp.Nes100_dDFE.Exponential/,229,0.00414,0.2775190212
62.26341,-41.42601,0.96023,Exp.Nes100_dDFE.Exponential/,926,0.00438,0.2727137358
93.38768,-40.16096,0.98933,Exp.Nes100_dDFE.Exponential/,27,0.00294,0.2745597792
74.97184,-44.59847,0.92812,Exp.Nes100_dDFE.Exponential/,388,0.00364,0.2728974976
66.9533,-41.35656,0.97553,Exp.Nes100_dDFE.Exponential/,481,0.004,0.2678132
60.88012,-40.48534,1.00019,Exp.Nes100_dDFE.Exponential/,598,0.00451,0.2745693412
88.18494,-42.47094,0.9282,Exp.Nes100_dDFE.Exponential/,421,0.00309,0.2724914646
69.39823,-44.32899,0.92259,Exp.Nes100_dDFE.Exponential/,856,0.00381,0.2644072563
81.84375,-40.62973,0.97719,Exp.Nes100_dDFE.Exponential/,13,0.00326,0.266810625
33.33305,-39.18542,1.08517,Exp.Nes100_dDFE.Exponential/,540,0.00819,0.2729976795
70.98348,-43.95029,0.95628,Exp.Nes100_dDFE.Exponential/,534,0.00384,0.2725765632
72.83481,-38.40806,1.0003,Exp.Nes100_dDFE.Exponential/,841,0.00373,0.2716738413
83.31086,-44.60585,0.93058,Exp.Nes100_dDFE.Exponential/,371,0.00327,0.2724265122
85.65357,-40.93214,0.97716,Exp.Nes100_dDFE.Exponential/,891,0.00325,0.2783741025
90.86666,-39.99781,1.00155,Exp.Nes100_dDFE.Exponential/,70,0.003,0.27259998
75.06237,-43.17154,0.93666,Exp.Nes100_dDFE.Exponential/,335,0.00366,0.2747282742
71.18291,-40.4198,0.95609,Exp.Nes100_dDFE.Exponential/,812,0.00382,0.2719187162
99.84099,-42.87844,0.94244,Exp.Nes100_dDFE.Exponential/,205,0.0027,0.269570673
50.02996,-41.13424,1.03594,Exp.Nes100_dDFE.Exponential/,323,0.00563,0.2816686748
99.32741,-41.06083,0.9566,Exp.Nes100_dDFE.Exponential/,773,0.00273,0.2711638293
85.22517,-41.09775,1.00317,Exp.Nes100_dDFE.Exponential/,73,0.00323,0.2752772991
65.68319,-41.58706,0.96247,Exp.Nes100_dDFE.Exponential/,320,0.00423,0.2778398937
69.72299,-39.77334,1.01146,Exp.Nes100_dDFE.Exponential/,948,0.00398,0.2774975002
61.85218,-42.20491,0.93497,Exp.Nes100_dDFE.Exponential/,365,0.00438,0.2709125484
70.20491,-39.45755,1.01373,Exp.Nes100_dDFE.Exponential/,999,0.00393,0.2759052963
92.98817,-43.15115,0.93496,Exp.Nes100_dDFE.Exponential/,258,0.00286,0.2659461662
99.7062,-43.10997,0.91607,Exp.Nes100_dDFE.Exponential/,557,0.00264,0.263224368
89.71255,-40.13209,0.98706,Exp.Nes100_dDFE.Exponential/,188,0.00307,0.2754175285
87.01687,-44.9434,0.90232,Exp.Nes100_dDFE.Exponential/,669,0.00313,0.2723628031
81.42182,-42.8457,0.94141,Exp.Nes100_dDFE.Exponential/,993,0.0034,0.276834188
79.38705,-42.11197,0.95647,Exp.Nes100_dDFE.Exponential/,716,0.00344,0.273091452
95.96764,-40.13165,0.98296,Exp.Nes100_dDFE.Exponential/,605,0.00279,0.2677497156
64.76756,-39.82825,1.02633,Exp.Nes100_dDFE.Exponential/,585,0.00434,0.2810912104
48.93541,-37.56543,1.08036,Exp.Nes100_dDFE.Exponential/,850,0.00566,0.2769744206
68.07884,-42.45478,0.94813,Exp.Nes100_dDFE.Exponential/,869,0.00402,0.2736769368
75.06771,-39.9763,1.00052,Exp.Nes100_dDFE.Exponential/,539,0.00366,0.2747478186
61.71967,-37.73959,1.05114,Exp.Nes100_dDFE.Exponential/,119,0.00455,0.2808244985
99.92601,-44.9991,0.87246,Exp.Nes100_dDFE.Exponential/,55,0.00255,0.2548113255
71.95441,-43.33011,0.94439,Exp.Nes100_dDFE.Exponential/,520,0.00386,0.2777440226
86.5029,-38.66587,0.99872,Exp.Nes100_dDFE.Exponential/,403,0.00319,0.275944251
74.96176,-42.97074,0.94781,Exp.Nes100_dDFE.Exponential/,93,0.00364,0.2728608064
94.27404,-39.7384,0.98702,Exp.Nes100_dDFE.Exponential/,503,0.00288,0.2715092352
90.92415,-39.47124,0.99287,Exp.Nes100_dDFE.Exponential/,350,0.00295,0.2682262425
75.06304,-43.67949,0.95864,Exp.Nes100_dDFE.Exponential/,984,0.00365,0.273980096
82.78474,-42.98769,0.93495,Exp.Nes100_dDFE.Exponential/,461,0.00324,0.2682225576
87.79584,-39.76301,1.00842,Exp.Nes100_dDFE.Exponential/,960,0.00305,0.267777312
66.07562,-39.65726,1.01021,Exp.Nes100_dDFE.Exponential/,962,0.00419,0.2768568478
79.37163,-42.0923,0.95647,Exp.Nes100_dDFE.Exponential/,575,0.0035,0.277800705
77.67193,-43.15464,0.94396,Exp.Nes100_dDFE.Exponential/,922,0.0035,0.271851755
78.50026,-41.45367,1.00018,Exp.Nes100_dDFE.Exponential/,876,0.00346,0.2716108996
68.91061,-40.41617,0.99769,Exp.Nes100_dDFE.Exponential/,160,0.00395,0.2721969095
78.8765,-39.90488,1.00146,Exp.Nes100_dDFE.Exponential/,979,0.00338,0.26660257
99.19624,-41.29906,0.95958,Exp.Nes100_dDFE.Exponential/,788,0.00276,0.2737816224
78.59189,-40.2501,0.97716,Exp.Nes100_dDFE.Exponential/,211,0.00351,0.2758575339
99.64221,-42.97684,0.9534,Exp.Nes100_dDFE.Exponential/,138,0.00273,0.2720232333
67.73127,-39.75595,1.00312,Exp.Nes100_dDFE.Exponential/,818,0.00414,0.2804074578
73.6776,-44.96981,0.91686,Exp.Nes100_dDFE.Exponential/,389,0.00375,0.276291
86.55136,-39.57904,1.00881,Exp.Nes100_dDFE.Exponential/,270,0.0032,0.276964352
58.49653,-41.12212,0.99938,Exp.Nes100_dDFE.Exponential/,621,0.00472,0.2761036216
74.07152,-41.30922,0.98635,Exp.Nes100_dDFE.Exponential/,937,0.00375,0.2777682
83.96983,-43.10389,0.94799,Exp.Nes100_dDFE.Exponential/,102,0.00336,0.2821386288
64.71386,-43.61979,0.91411,Exp.Nes100_dDFE.Exponential/,38,0.00418,0.2705039348
79.37337,-40.7948,0.95453,Exp.Nes100_dDFE.Exponential/,494,0.00342,0.2714569254
75.06194,-42.95309,0.96491,Exp.Nes100_dDFE.Exponential/,331,0.00368,0.2762279392
51.51133,-43.40291,0.95465,Exp.Nes100_dDFE.Exponential/,695,0.00524,0.2699193692
68.76111,-42.18804,0.9872,Exp.Nes100_dDFE.Exponential/,332,0.00404,0.2777948844
72.61591,-40.46607,0.97477,Exp.Nes100_dDFE.Exponential/,744,0.00383,0.2781189353
99.80175,-42.93143,0.94721,Exp.Nes100_dDFE.Exponential/,760,0.00269,0.2684667075
92.77474,-43.10917,0.94999,Exp.Nes100_dDFE.Exponential/,899,0.0029,0.269046746
59.88925,-40.88629,0.99837,Exp.Nes100_dDFE.Exponential/,131,0.00459,0.2748916575
79.13551,-39.39983,0.99917,Exp.Nes100_dDFE.Exponential/,185,0.00349,0.2761829299
69.42136,-38.7034,1.03118,Exp.Nes100_dDFE.Exponential/,354,0.00406,0.2818507216
99.49595,-41.32023,0.95657,Exp.Nes100_dDFE.Exponential/,939,0.00265,0.2636642675
67.87837,-39.38701,1.03075,Exp.Nes100_dDFE.Exponential/,312,0.00414,0.2810164518
68.68583,-40.72222,0.98713,Exp.Nes100_dDFE.Exponential/,25,0.00394,0.2706221702
76.91396,-41.56216,0.97454,Exp.Nes100_dDFE.Exponential/,430,0.00358,0.2753519768
97.01648,-44.53762,0.90341,Exp.Nes100_dDFE.Exponential/,724,0.0028,0.271646144
99.41062,-41.11755,0.951,Exp.Nes100_dDFE.Exponential/,223,0.00273,0.2713909926
