,KZl,KZl_lower,KZl_median,KZl_upper,end,fwh,fwh_lower,fwh_median,fwh_upper,key,label,mid,pi,pi2,pi2_lower,pi2_median,pi2_upper,pi_lower,pi_median,pi_upper,sites,start,tajima,tajima_lower,tajima_median,tajima_upper,theta_W,theta_W_lower,theta_W_median,theta_W_upper,xsi,xsi_lower,xsi_median,xsi_upper
0,-0.0142331404166,-0.039588683163,-0.012642388665,0.00190092882632,1140,0.00791811795439,0.00784510576365,0.00792762786545,0.00803822322909,1140,real,1139,0.00785258492702,0.256513722872,0.252756378683,0.256550889619,0.26072609479,0.00778824536072,0.00785172310189,0.00795296630064,4693341,1139,0.0109609304473,-0.00937741008846,0.0126838130157,0.0356226022252,0.00782607489019,0.00779333551982,0.00782114677621,0.0078663661461,0.750247259459,0.747034283437,0.750333740178,0.753074097317
1,-0.0116333456731,-0.0177718931373,-0.0121890581583,-0.00595005076919,210,0.00777796917078,0.00774463660506,0.00777974955257,0.00780437073754,210,real,209,0.00772535435281,0.254362844586,0.25386998958,0.254371398891,0.255244900843,0.00770004243774,0.007723700648,0.00775142074506,51573048,209,0.0158426366935,0.0082040583024,0.0155102984812,0.0241936003146,0.00768771559797,0.00767590290819,0.00768660475665,0.00769803523317,0.75108227003,0.750257824008,0.751191627607,0.751777889296
2,-0.0126692695478,-0.0344506879807,-0.00569319992803,0.0201402966565,1260,0.00790360636451,0.00773114404709,0.00787534213463,0.00802521304614,1260,real,1259,0.00784543112507,0.251426938279,0.247768246058,0.251356304667,0.255439569715,0.00771966940714,0.00783837921247,0.00792910475731,3479482,1259,0.0168025517461,-0.0150079431684,0.0213591618554,0.046973943609,0.00780490221783,0.00774020358071,0.00779702498442,0.00783228693146,0.753266245338,0.748871170726,0.752902320331,0.757639827246
3,-0.00783689378594,-0.0185981360852,-0.00820138663088,0.00407066747753,660,0.00785040035532,0.00778352737101,0.00786315876453,0.00791794115683,660,real,659,0.0078145792014,0.254106739855,0.252455844768,0.254069520012,0.255706933847,0.00777638075637,0.00781942151419,0.00785549070068,13814439,659,0.0188208033475,0.00795424923745,0.0201042352463,0.0290591277836,0.00776938966805,0.00774670353957,0.00777136476427,0.00780242061105,0.751178483221,0.749376654459,0.751256636328,0.752840566648
4,0.00335046269771,-0.0101661264727,0.00346440653175,0.0198263557492,870,0.00784866677589,0.00775782456681,0.00785402547122,0.00791093744826,870,real,869,0.00786405087309,0.253084555756,0.25106508086,0.253332009851,0.255574383846,0.00780377255922,0.00786797734782,0.00791849656068,8505788,869,0.0246058985047,0.00861738717582,0.0253366407685,0.0377861800745,0.0078047022937,0.00777118595544,0.00780801570595,0.00783534189744,0.750046581269,0.74751225962,0.750022489629,0.753046891949
5,-0.00215101807343,-0.0127384413302,-0.00345107425169,0.00849979576418,690,0.0078483620033,0.00775797354232,0.00785665311923,0.0079210650182,690,real,689,0.00783850665833,0.253833414091,0.251412255417,0.253609804288,0.255804103112,0.00778699698442,0.00783650218275,0.00788751543612,13062585,689,0.0210380805379,0.00962072645307,0.0182286454774,0.0366515959122,0.00778787315772,0.00776472771521,0.00778798990538,0.00781761537535,0.750279812303,0.748262726263,0.750730603012,0.75165532064
6,0.0117548347374,-0.0281339787314,0.014230385393,0.0465402080004,1770,0.00785302868304,0.00757868646937,0.00784887100988,0.00809321196915,1770,real,1769,0.00790727518731,0.257735970662,0.252688824149,0.257786804352,0.265973997702,0.00775143824133,0.00789967763518,0.00808815489378,840496,1769,0.0264379380503,-0.0211284950152,0.0243630423094,0.0735510583521,0.00784318647885,0.00773655432465,0.00783271498081,0.0079421144727,0.746776199472,0.740409610561,0.74655758691,0.753115844589
7,-0.00172666961589,-0.00932977122182,-0.00127579398117,0.00928848939777,540,0.00779005678255,0.00772267006947,0.00778201229502,0.00784330431719,540,real,539,0.00778217976357,0.252486535533,0.250681202756,0.252496492935,0.253972657106,0.00773805543839,0.00778415819089,0.00781572702036,18707253,539,0.0116172646363,-0.00348488445786,0.0107856965268,0.0233842906409,0.00775434030994,0.00772896798704,0.00775326169556,0.00776996834274,0.751218197798,0.749475539902,0.750989388575,0.752643763285
8,-0.0328774629258,-0.185260962033,-0.0234172267852,0.0759758094213,2400,0.00793677355874,0.00726840045492,0.00797395795272,0.00865396590405,2400,real,2399,0.00778436509324,0.256102558373,0.238024979022,0.257665542101,0.272857214128,0.00733953134154,0.00776611671416,0.00824727167652,115675,2399,-0.0360253953014,-0.135753010369,-0.0459572552121,0.104620824913,0.00787208185028,0.00759134033953,0.00783812599111,0.00815039891652,0.753900208152,0.738416971126,0.753088589908,0.769549036116
9,0.00555444118605,-0.00779881040276,0.00415435667133,0.0197034321898,810,0.00777963614782,0.00768287119749,0.0077852905709,0.00785642986197,810,real,809,0.00780508728801,0.252792878704,0.24979884753,0.252840449169,0.2548379802,0.00777030189558,0.00781532278153,0.00785838394337,10011517,809,0.00686893516848,-0.00342855855441,0.00844370060275,0.0213147955912,0.00778855396144,0.00776463907061,0.00778991647931,0.00781680119068,0.750282784436,0.74872881677,0.750276881578,0.751899549083
10,0.00857337145811,-0.0054381799628,0.0081268243845,0.0301601839174,930,0.00783794404609,0.0077659121313,0.00784278719698,0.00792933739633,930,real,929,0.0078772365252,0.254724330449,0.25236287069,0.255159578924,0.256953478649,0.00783911483865,0.00787701427982,0.00794513348726,7624787,929,0.0361703344439,0.0271897799586,0.0374851662617,0.0545194345332,0.00779015738764,0.00775253748557,0.0077902988614,0.00782776625052,0.747783200335,0.745550198807,0.747594545781,0.749661583138
11,0.0491699238033,-0.00800532017874,0.0495919531083,0.110609395697,2010,0.00771122828629,0.0074009338088,0.00772754494389,0.00816659476705,2010,real,2009,0.00793915356909,0.241887416987,0.231780906386,0.242798373715,0.253034212458,0.00772194828881,0.00792998334556,0.00821289383193,308374,2009,0.0257429389897,-0.0391150637331,0.0271287836352,0.0950853899955,0.00787647198144,0.0077252617148,0.00788497332385,0.00801512853435,0.750231778988,0.741381222998,0.750357233664,0.758850935478
12,-0.187693345272,-0.609576080132,-0.192303415308,0.219544962555,2910,0.00856777388183,0.00729677185269,0.00857118630452,0.01076460396,2910,real,2909,0.00769225655747,0.262262269062,0.217117248763,0.268448066031,0.303805725539,0.00656824340759,0.00768655261877,0.00898049633598,17311,2909,-0.0760897305384,-0.324964285258,-0.0885767977094,0.329078321071,0.00787858219657,0.00726484621715,0.0079113701402,0.00854030424381,0.770546751189,0.721367019193,0.770878136201,0.813902684167
13,0.0540464202231,-0.0956408087477,0.0545566541595,0.166956049971,2460,0.00793334091893,0.00743901310244,0.00801727715574,0.00873089533695,2460,real,2459,0.00818821822567,0.233039084481,0.216705563544,0.23350721317,0.250661597858,0.00788159531563,0.00821838799866,0.00864054652878,87665,2459,0.0735371096951,-0.0197026296657,0.0836318208172,0.180059472368,0.00800607143683,0.00771630183273,0.0080373960853,0.00830266731385,0.757135689387,0.735646141915,0.757268591152,0.781106977902
14,-0.0128165686779,-0.0304052186282,-0.0103150441236,0.00878030285868,990,0.00794405783746,0.00786134467593,0.00794563692762,0.00807140618306,990,real,989,0.00788524716697,0.255300572892,0.252428887286,0.255546741767,0.258200831632,0.00783466288602,0.00789351768073,0.00795969240475,6412505,989,0.0355378333322,0.0210958510493,0.0387704910188,0.0592171380864,0.0077995869849,0.00776560942381,0.0078023035003,0.00783437753114,0.750962244005,0.748261769605,0.750378604497,0.753042508088
15,-0.182704015462,-0.457989126146,-0.163138367253,0.0340502936117,2850,0.00884591529074,0.00734324838478,0.00869633883704,0.0102405850682,2850,real,2849,0.00801697056712,0.262010594897,0.208864388493,0.258624466861,0.303576280903,0.00690097631012,0.00797464465183,0.00927772074659,14000,2849,0.154106160106,-0.0512173627648,0.147010985941,0.333656056052,0.00764998036371,0.00682295545952,0.0075648454471,0.00863511297016,0.761061571125,0.73419395794,0.762516076481,0.8047753365
16,0.0335611004905,-0.136857860514,0.0356900211403,0.210405302592,2700,0.00864890124553,0.0071838871188,0.00862251981138,0.00982719382232,2700,real,2699,0.00881377803855,0.241739026318,0.188311139467,0.240580455888,0.276080167074,0.00778040513386,0.00876018522809,0.009630228227,43046,2699,0.187373633528,-0.116146092956,0.199733230809,0.395673700776,0.00833035052617,0.0079518014558,0.00827920107449,0.00869780317174,0.749035980425,0.71820842467,0.753128946933,0.783326342007
17,0.00219559213956,-0.0025017194717,0.00310078567625,0.00891920227946,120,0.00765005879718,0.00761691983381,0.00764861751646,0.00767531253086,120,real,119,0.007659905005,0.253436042151,0.252563400981,0.253373198036,0.253989895192,0.00763806680914,0.00766222747236,0.00767642036226,86489120,119,0.0157730341275,0.0103328398797,0.0154721166218,0.0214366670324,0.00762274832033,0.00761310068943,0.00762318729439,0.00763123806011,0.749756015022,0.749059636192,0.749711365877,0.750423454171
18,0.0135127091879,-0.0504025102655,0.0140902295986,0.0710276951926,1950,0.00784093143219,0.00756602173258,0.0078136756856,0.00816343179736,1950,real,1949,0.0079037719845,0.248360818622,0.23876131232,0.248892859383,0.255505674892,0.00764453574613,0.00788919228231,0.00810784911347,461583,1949,0.000342221734485,-0.0824132512116,0.00518879227312,0.0654133225292,0.00790293599805,0.00778449848367,0.00790783643903,0.00803759964459,0.752080881923,0.744726280858,0.752346440182,0.760495576171
19,0.0851851827825,-0.140906938506,0.120400863042,0.249452965954,2550,0.00711087852692,0.00601363635891,0.00708743484411,0.00792963711024,2550,real,2549,0.00749413320055,0.237890215082,0.192366406594,0.23513230559,0.280086561755,0.00681691001224,0.0074994075981,0.00806928337361,49208,2549,-0.0573986595484,-0.347406938223,-0.0302282859974,0.181006594031,0.00762975496338,0.0072437361672,0.00757754531665,0.00790200249154,0.754443466324,0.727704649238,0.756530206445,0.780882757199
20,-0.004232376421,-0.00778149004833,-0.00437349417914,3.43204635911e-05,60,0.00753053783561,0.00750371710769,0.00753002322085,0.00755085513785,60,real,59,0.00751181140029,0.253806532037,0.253192439425,0.253885548596,0.254355146565,0.00749564285712,0.0075124053548,0.00752690897607,170783058,59,-0.00387721011965,-0.00775992387756,-0.0033056370168,-0.000428032599285,0.00752082284822,0.00751337984361,0.00752041844701,0.00752772066077,0.750844698851,0.74998704412,0.750903826986,0.75128684821
21,-0.0316600978504,-0.165063275656,-0.00435889593031,0.0836878154921,2490,0.00802858940329,0.00711486817231,0.00808996911808,0.00856069650754,2490,real,2489,0.00788632179361,0.252594142255,0.224798477907,0.250922153645,0.27586561855,0.00706605484866,0.00790180239337,0.0085884303679,58653,2489,0.111455411289,-0.0347241321384,0.119908669824,0.283678016082,0.00762328579989,0.00714309497307,0.00764988362112,0.00805827450367,0.753872493053,0.73271804089,0.753982739398,0.768943606211
22,-0.0414747327835,-0.149645423631,-0.038806343402,0.0643774351678,2310,0.00788941816341,0.00741587065402,0.00787943381496,0.00846560726959,2310,real,2309,0.00770013724394,0.244556597401,0.223369263034,0.247274700765,0.264618259517,0.0073052426655,0.00773821106763,0.00801068987721,122721,2309,-0.0209355975227,-0.160494418452,-0.0133192336158,0.068457669315,0.00775032218069,0.00756200212004,0.00775886169781,0.00794896666872,0.76248806859,0.747983002672,0.761265967996,0.775731766866
23,0.0432448814991,0.0261719232069,0.0456245647014,0.0778168500288,1410,0.00782600195552,0.00766386326779,0.00783205201487,0.0079350448648,1410,real,1409,0.00802526383774,0.2502054817,0.246175476772,0.250248385938,0.254122576371,0.00793751942439,0.00803799724926,0.00811405393768,2262822,1409,0.0799195388373,0.0527995308675,0.08696312505,0.108886628371,0.00783182450083,0.00777982023829,0.00783643986251,0.00788101930082,0.744446568395,0.740368638078,0.744406823483,0.747865240988
24,0.0504937680226,-0.220969903757,0.0620389143336,0.202232444513,2790,0.00876019482749,0.00778938957356,0.00884053322166,0.0097616080402,2790,real,2789,0.00901086077344,0.257751350096,0.219665417244,0.266213419129,0.309835209355,0.00803288286091,0.00893099761935,0.0100074483529,17961,2789,0.238306305767,-0.02075232154,0.23715403664,0.502946002352,0.00838977798535,0.00797430385554,0.00838903374224,0.00890132850304,0.733912750817,0.711242570371,0.733380862914,0.754056636756
25,0.0215891870113,0.00060265258252,0.0206696651703,0.0457007954804,1380,0.0076743136724,0.00754341646679,0.007709978831,0.00781160995509,1380,real,1379,0.00777267915618,0.251642145563,0.247171452824,0.252223263482,0.255377904928,0.0076805446345,0.00776813606385,0.00786850635416,2543286,1379,0.0118585476484,-0.00787561449607,0.0123646465588,0.0381571375233,0.00774429732129,0.00769643687147,0.00774964849532,0.00781970614028,0.748307589648,0.744334804114,0.748526996253,0.751803643037
26,0.0717923162052,-0.0652350781831,0.077252704536,0.189883407366,2250,0.00745019223468,0.00665312844234,0.00743026012435,0.00816122947553,2250,real,2249,0.00777890607773,0.23867280336,0.224352746326,0.238666433503,0.256453552719,0.0072976297389,0.00777436668931,0.00832586806069,151550,2249,0.000783126808004,-0.105302952764,-0.00390392696305,0.130816036181,0.00777702266916,0.00746188537161,0.00775212248781,0.00802191084111,0.747264340335,0.725369880769,0.746143800517,0.767214353895
27,-0.0135660008884,-0.0374798401448,-0.0120061890023,0.00915155614881,1320,0.00792362762094,0.00777999555638,0.00792761936546,0.00808746852013,1320,real,1319,0.00786143555224,0.256156657024,0.252355235043,0.25661029968,0.260711169226,0.00779203346526,0.00787478174623,0.0079452651488,3028842,1319,0.0287367115613,0.0122592595656,0.0313781283518,0.0466638318143,0.00779223284725,0.00774654764043,0.00779600686673,0.00785774966004,0.749843349196,0.746370230594,0.749579388511,0.752307045751
28,-0.00292291347694,-0.0263017625726,-0.00123592636567,0.0195104892996,1080,0.00789206497068,0.00778793262993,0.00790479990789,0.00798943195727,1080,real,1079,0.00787861446598,0.25337522801,0.2503489538,0.252748723223,0.256562757785,0.00780428433402,0.00788454277364,0.00794664122088,5216333,1079,0.0234927388165,0.0041874866573,0.0234836052669,0.0458306308919,0.00782182604594,0.00777285116526,0.00782752105751,0.00786389210714,0.75094618476,0.748711501001,0.751407781814,0.753647406369
29,0.0315442837194,-0.0241286477013,0.038853352478,0.10584370045,1920,0.00782992698633,0.00747340791674,0.00775894386901,0.00809906693695,1920,real,1919,0.00797468953091,0.256208651724,0.246187027159,0.255903273886,0.263165060739,0.00772209620775,0.00795458870049,0.00816223193269,453167,1919,0.0729992616127,0.006891431239,0.0721818306897,0.142602581626,0.00779871583368,0.00766719389335,0.00778480935985,0.00786143155604,0.743741107807,0.732786676773,0.742275901952,0.75277304928
30,0.00503988933469,-0.00464679089972,0.00559594472137,0.014600110865,390,0.00773859244179,0.0076995542086,0.00774042989543,0.00778962112531,390,real,389,0.00776148255961,0.253219493777,0.251878235209,0.253106207614,0.254797556571,0.00773249015013,0.00776105706303,0.00778739186731,27643638,389,0.0173667003571,0.00747491071436,0.0178532195726,0.0250085511311,0.00772004934759,0.00770604477064,0.00772020681299,0.00773534745827,0.749503372163,0.748078258222,0.749386280865,0.750937462378
31,-0.432716624719,-1.44406686644,-0.368337084903,0.377769198612,2820,0.0107776096874,0.0070486363412,0.0105366582915,0.0160221357994,2820,real,2819,0.00856053038644,0.23125510628,0.171030451719,0.23363158996,0.304043616283,0.00810149916248,0.00862028475712,0.00909215055977,5906,2819,-0.0007340056853,-0.241011274233,0.0105218922505,0.208540321992,0.00856250261847,0.00774727741126,0.00858380267237,0.00922832027917,0.81946732609,0.693401631385,0.815342674604,0.866760094081
32,0.0232940471787,-0.0260333661203,0.0196972525824,0.0515438947182,1710,0.00775139845541,0.00753215620938,0.00779364380834,0.00804843813542,1710,real,1709,0.00785764394871,0.256713457457,0.249707883863,0.256946635932,0.263497368415,0.00774052305077,0.00786913754376,0.00801422065875,1006446,1709,0.0441086621636,0.00566098331756,0.0418185169859,0.0806088547577,0.00775196486222,0.00765712861579,0.00776416263466,0.00783472012232,0.744355233491,0.73976446871,0.745446493015,0.751596489089
33,0.00183938161682,-0.00616201939995,0.00191573554008,0.0106320341919,300,0.00771240188347,0.00766192495114,0.00771036983718,0.00776100037892,300,real,299,0.00772073030746,0.252143480874,0.250917342294,0.252266209102,0.253215010977,0.00769105458794,0.00771835221469,0.00774762410289,38145061,299,0.0102526382426,0.000113574146929,0.00931519393993,0.0187849757189,0.00769634484868,0.0076790435943,0.00769655863107,0.00771037268629,0.750817453812,0.749750013116,0.750933701782,0.751772915214
34,-0.00874594924513,-0.0221336714105,-0.00887927251954,-0.00195290621535,420,0.0077940124188,0.00776045935921,0.0077995315779,0.00784650503384,420,real,419,0.00775421316294,0.253776808175,0.252578816719,0.253797569894,0.255272559218,0.00772493438683,0.00775977854376,0.00778645392801,25748109,419,0.00803311214682,-0.00340415206645,0.00939746338238,0.016013924895,0.00773501073782,0.00771572160254,0.00773496554527,0.00775512400343,0.751418518683,0.750089294817,0.751562584189,0.753016590072
35,0.00943194077928,-0.015732791759,0.00867821846336,0.0398209806342,1650,0.00788825749737,0.00766412064956,0.00789145487692,0.00810583692581,1650,real,1649,0.00793154368607,0.256978545202,0.251529642829,0.257995314379,0.262749547576,0.00773259367768,0.00795245883585,0.00804733202103,1286968,1649,0.0544858801993,0.00378885518816,0.0619489871016,0.097253007005,0.00780019282284,0.00773630251192,0.00779908345601,0.00786268155151,0.745701022364,0.741132310245,0.74563374009,0.75000386561
36,-0.0390715763007,-0.135720105726,-0.0379886677369,0.0277174103764,2070,0.00820052861818,0.0076717567132,0.0081340809998,0.00865562980874,2070,real,2069,0.00801756611639,0.260836813775,0.251377912042,0.259998373581,0.272960685554,0.00763791251621,0.00800490702018,0.00827280048452,244080,2069,0.0249847789256,-0.0564511953593,0.0137744282724,0.094098203343,0.00795611048759,0.00778819979102,0.00793610734897,0.0081589420571,0.75230897109,0.740994463517,0.752476603838,0.764692971125
37,0.00899481003116,-0.000741563650136,0.00942796633763,0.0169405820735,360,0.00773830612557,0.00767495585406,0.00774243913205,0.0077862129551,360,real,359,0.00777924737871,0.252907278653,0.251644750851,0.252750749199,0.253888564723,0.00775475444626,0.00778283085505,0.00781780226074,30145427,359,0.0177460399051,0.00921906551844,0.0174110891035,0.0275891986876,0.00773681719927,0.00771734754335,0.00773756240896,0.00775231158369,0.749487762921,0.748225404457,0.749525395742,0.750718741861
38,0.0116949524005,-0.00762909162693,0.0145795276039,0.0291462810417,1230,0.00781912688007,0.00770823538624,0.0078250795089,0.00794673963151,1230,real,1229,0.00787296601256,0.249504190336,0.245535802215,0.249606708709,0.252855278733,0.00779894686219,0.00788519429283,0.00795446137676,3516967,1229,0.0198625400267,0.000400129795449,0.0236780882819,0.0413179125864,0.00782493326298,0.00777138388625,0.00782573693656,0.00787667774908,0.751444659937,0.748937800342,0.75172190103,0.753777772201
39,0.0183815518737,-0.0951449069198,0.0345622647262,0.135861354713,2280,0.00786425555631,0.00723957445857,0.0079352192707,0.0085040458904,2280,real,2279,0.00794856946472,0.259013579645,0.240891233616,0.261420443989,0.277936137902,0.00761537760436,0.00801942721334,0.00852097029172,122867,2279,0.0659763511566,-0.0417941037373,0.0930827572052,0.202406492223,0.00778961586511,0.00764117996554,0.0078241791229,0.00803203902888,0.741527437036,0.725972573862,0.739441226727,0.756105515109
40,0.327816669499,0.0874706313983,0.32653376128,0.485679973145,2760,0.00700351573123,0.00589786889501,0.00697549902438,0.00859049305324,2760,real,2759,0.00857098795433,0.19781695981,0.170207876269,0.200663460401,0.234044878669,0.00754962508291,0.00851285576358,0.00950032959474,23005,2759,0.191680918901,-0.133480465898,0.182622808868,0.499634247293,0.00808975995233,0.00762614678219,0.00805890539093,0.00844571738541,0.734724970182,0.694688533148,0.736384907251,0.757566003381
41,-0.0602624706029,-0.126480319602,-0.0560625213778,-0.000533443173086,1830,0.00787204737269,0.00763330189748,0.00786892655092,0.00824111278989,1830,real,1829,0.00759589284179,0.256229305158,0.248143409102,0.257223002159,0.26719183095,0.00741197887631,0.0075896361378,0.00783219096599,654057,1829,-0.0798047771419,-0.137844767381,-0.082300386228,-0.0241831899634,0.00778799451798,0.00763695390829,0.00778600782594,0.00789117454077,0.75828465776,0.748441916436,0.758280568346,0.767024685427
42,-0.00796746414772,-0.0156083270655,-0.00774731664113,-0.00122214136159,240,0.00779143667675,0.00775901229055,0.00779444034884,0.00782503819754,240,real,239,0.00775528842672,0.253972510718,0.2532994107,0.254048330168,0.255061056806,0.00774019513484,0.00776216068558,0.00778012499062,45649870,239,0.0182090777031,0.012016735342,0.0192905527114,0.0254470899744,0.0077118914533,0.00770222047091,0.00771725766579,0.00772352028935,0.751066649124,0.750046563239,0.750949014589,0.751838891319
43,0.0511138187991,-0.10119363168,0.0614503151735,0.199932133793,2520,0.00705191712617,0.00636708120878,0.00707058532221,0.00821732983659,2520,real,2519,0.00727893095321,0.243451712373,0.212669542986,0.245400860872,0.271455603884,0.00668480231847,0.00730331513169,0.00808662918991,56614,2519,-0.109322351303,-0.294036908892,-0.116874925208,0.0650363471904,0.00753393033882,0.00730767942748,0.00755112037405,0.00805536323005,0.751545148196,0.724208001425,0.752188886648,0.774512169562
44,0.00778548487275,-0.00596925995148,0.00847498581181,0.0238047663949,900,0.00784206802354,0.00772683888839,0.00784308845893,0.00794831309734,900,real,899,0.00787781732147,0.254432441008,0.252193625795,0.254234557675,0.25718354241,0.007822057669,0.00788483437364,0.00793378214088,8343174,899,0.0302043124182,0.0102575060235,0.0318650757503,0.0460501976755,0.00780496310929,0.00778005916938,0.00781089036774,0.00784222769511,0.748402273226,0.746558711893,0.748481510888,0.750233819846
45,-0.00090255045189,-0.0155229724758,0.000418758828545,0.0134352294803,780,0.00784534233225,0.00779062763495,0.00784357730537,0.0079158910278,780,real,779,0.00784120570119,0.254343184142,0.252457650148,0.254411168876,0.256519616659,0.00781287177272,0.00784308966555,0.00788718449351,10485191,779,0.0210597891499,0.010104930112,0.0224230097534,0.0367095314509,0.00779050274302,0.00776651819989,0.00779066819356,0.00781538894153,0.75009407094,0.747980815731,0.750092621758,0.751708088607
46,0.0567435035113,-0.019281122574,0.0524887172343,0.12306475568,2040,0.00770839827558,0.00718078138899,0.00774069638612,0.00812087004719,2040,real,2039,0.00797071905561,0.242472563624,0.23158051421,0.242914816419,0.257090591863,0.00768666880146,0.00795953126933,0.0083258461306,252721,2039,0.0478462471355,-0.021164934016,0.0362400040877,0.151819573895,0.00785453411317,0.00767258886905,0.00787581359628,0.0080545289437,0.746834364875,0.732798032304,0.746756264863,0.757748745144
47,0.0127782338127,-0.00185159354828,0.0126145332393,0.025025306112,840,0.00781685469138,0.00773298998347,0.00782493971261,0.00791419464516,840,real,839,0.00787548194034,0.251679259696,0.249479453469,0.251715225147,0.253797744358,0.00781882306877,0.0078842606963,0.00794015394973,8949453,839,0.0318894057408,0.011467453809,0.0339909830058,0.0484294050034,0.00779862572213,0.00777194628371,0.00779782385371,0.00784001718354,0.749481529797,0.747947679875,0.749281154831,0.751331048984
48,-0.00010407583709,-0.002065762801,-8.45380210473e-05,0.00229524348879,30,0.00727830924906,0.00726665462599,0.00727836957243,0.00728789101977,30,real,29,0.00727785987184,0.252610400624,0.252219595699,0.252625345978,0.253042909352,0.00726812063979,0.00727876850168,0.00728353481894,491244687,29,-0.0270976813707,-0.0295323388233,-0.0267936211743,-0.0251068726296,0.00733932059993,0.0073348609519,0.00733961635615,0.00734324301227,0.750933972152,0.750513711163,0.750916529043,0.751229430181
49,-0.0806516033928,-0.362158225979,-0.0314188493244,0.270998196759,2670,0.00831224836788,0.00616873455509,0.00829739798269,0.0103245881235,2670,real,2669,0.00794545396351,0.251928181863,0.197909683411,0.248499231926,0.294836498027,0.00700972491452,0.00778233847413,0.00898340166208,25905,2669,0.104122410511,-0.206305349541,0.033695418639,0.345318624259,0.00769681430975,0.00712858471359,0.00765688204134,0.00845043838966,0.75801870708,0.718775521055,0.759811364425,0.790825834015
50,-0.00858658703816,-0.0375735312991,-0.00792999029707,0.0194697525248,1530,0.00809557438262,0.00793002700738,0.00810519345552,0.00829346003373,1530,real,1529,0.00805570334143,0.259083584984,0.255331329597,0.259489930742,0.263712318902,0.0079662194942,0.00805165549181,0.00819464257865,1666758,1529,0.0669962542233,0.0511263358733,0.0673052029568,0.109069711537,0.00789228940533,0.00782582605056,0.00789410257881,0.00795693853352,0.747755440791,0.742934725315,0.747315075242,0.750824422776
51,0.00795430944424,-0.00119484400842,0.00857746313584,0.0181368032769,510,0.00775251959681,0.00769332811043,0.00775218160909,0.00780034617523,510,real,509,0.00778882336137,0.253255488159,0.251645762418,0.253317224851,0.255267717172,0.00775026665174,0.00779607447352,0.00782309717845,19959764,509,0.0129178512097,0.00348699132126,0.0147821879775,0.025998424925,0.00775785318673,0.00773374476842,0.00775927577122,0.00777216448942,0.749256767427,0.74780665617,0.749153283667,0.750469650678
52,-0.0400258966997,-0.154952323897,-0.048575484569,0.0693645625305,2370,0.00809418437842,0.00744461094297,0.00819207615735,0.00869528687246,2370,real,2369,0.0079104943266,0.255792527397,0.240374478244,0.255654622835,0.276512355306,0.00753442849704,0.00791008684862,0.00841242756212,107851,2369,0.0488620933006,-0.107323739796,0.0541261582238,0.15998006728,0.00779271306475,0.00750733653223,0.00781462898563,0.00809492843719,0.754800747771,0.742560734045,0.755026322444,0.774947920849
53,0.0512398731623,-0.0317359432744,0.0501043152942,0.117266364201,2160,0.00772439768368,0.00741894521731,0.00773079443349,0.00830412833619,2160,real,2159,0.00796236913645,0.254276509005,0.239395340212,0.25565488332,0.270579724522,0.0075900598302,0.00794736299539,0.00827458415325,167959,2159,0.0300484811472,-0.0614557178765,0.0294828771352,0.124505936048,0.00788906722519,0.0077231434744,0.00787486831589,0.0081101571591,0.741496229825,0.72904498897,0.741920491848,0.75117460144
54,0.0951221666737,-0.115531881644,0.0924031209212,0.285091889463,2610,0.00806809023371,0.0069114536564,0.00804344935475,0.00960197755971,2610,real,2609,0.008522556693,0.231353650886,0.18456045672,0.233650795478,0.261359192917,0.0079274177821,0.00849094422054,0.00914759946407,33339,2609,0.170433364745,0.0118070667402,0.14310299189,0.3481397476,0.00809495442709,0.00757705715245,0.00809105400309,0.00852457257429,0.748179825412,0.731579363129,0.75174993928,0.770023192578
55,0.0120720003813,0.00418179880965,0.0112737467155,0.0254361698806,450,0.00771904430299,0.00765907298481,0.00772524717141,0.00777380249766,450,real,449,0.00777402015033,0.25216275271,0.250701403115,0.25246141788,0.253537566573,0.0077322825853,0.0077753084168,0.00781498746102,23237320,449,0.0138901418488,0.00326254042747,0.0141448562473,0.0266923566249,0.00774079219616,0.00771807426859,0.00774132648306,0.00775960105341,0.749411559364,0.747514082042,0.749423862247,0.750732202629
56,-0.00625714425023,-0.0182185598963,-0.00699690361644,0.00330979732219,570,0.00781132563916,0.00774808504818,0.00781216063319,0.00786757914086,570,real,569,0.00778277420401,0.25344815354,0.251535973007,0.253319362286,0.2547327004,0.00773302672344,0.00778446118465,0.00781492876231,17697279,569,0.0111252002262,0.00216325259974,0.0100082922287,0.0211598489772,0.0077561078416,0.00772152647526,0.00775904083958,0.00777369064964,0.751348850699,0.750029690853,0.751418067325,0.753030483499
57,-0.00377982945002,-0.00882870894643,-0.00319387683099,0.0029196996779,330,0.00781276105642,0.00776817428733,0.00780823158807,0.00784773021301,330,real,329,0.00779553324723,0.25440120674,0.253272897931,0.254384672512,0.255265952497,0.00777064903355,0.00779248243485,0.00782056110466,33908032,329,0.0201394047123,0.0119556164552,0.0187346453223,0.029068046019,0.0077473152936,0.00772924597359,0.00774609627157,0.00776124198145,0.750612444964,0.74963727188,0.750732910926,0.751623406145
58,0.00541965139466,-0.0858681142191,0.0171550582725,0.106727429569,2190,0.00809588607192,0.00736076472114,0.0080680268513,0.008628062492,2190,real,2189,0.00812115854063,0.25533096818,0.237705245931,0.256162411678,0.271516296855,0.00763414999364,0.00812864111986,0.0084989763633,177097,2189,0.0815621335446,-0.00589475888943,0.0966502927994,0.181297045659,0.0079213829475,0.00758056596097,0.00792322895115,0.00817485592426,0.745414837191,0.728042862518,0.744582187745,0.758719987325
59,0.0163787099318,-0.00920121693979,0.0164283600822,0.0426230335223,3000,0.00770774251604,0.0074793601124,0.00770217619498,0.00781396739893,3000,real,2999,0.00778285386601,0.247249089073,0.241665047884,0.247528035069,0.252738709828,0.00764673625124,0.00778249529464,0.00785924543417,1472237,2999,-0.00483005596899,-0.0334646884659,-0.00666351326261,0.026653398251,0.00779448920893,0.00772664928764,0.00779080396212,0.00784309186277,0.753450810302,0.74970219283,0.753534777212,0.757877206702
60,0.149021706324,-0.256062286719,0.130200667182,0.547738491918,2880,0.00823726565471,0.00625931442565,0.00827280549634,0.0098802160804,2880,real,2879,0.00896275351193,0.210312917138,0.168264281862,0.210615756339,0.247368015989,0.00770763943475,0.00893357150522,0.0102750381983,9858,2879,0.303648844453,-0.0113198832997,0.276532075027,0.666904596309,0.00818704614969,0.00746161168073,0.00822159064821,0.00918883660683,0.744940681473,0.67772253016,0.750995997332,0.798166617342
61,-0.1161541416,-0.176097736012,-0.12089502653,-0.0502135371533,1980,0.00825509688322,0.00796225794334,0.00826361653706,0.00858850986887,1980,real,1979,0.00771882683687,0.254914413035,0.244984950562,0.253386423575,0.267381590978,0.00743979669215,0.00773091803776,0.00798964083311,410266,1979,-0.0522719928785,-0.122115993971,-0.0523112678235,0.0332821671382,0.00784559511899,0.00774000884873,0.00784873055486,0.00799300036451,0.766121218189,0.755887247055,0.767324556218,0.776086730021
62,-0.00368992878448,-0.0361862059697,0.00130639106586,0.0322764319603,1500,0.00793889171014,0.00772546376954,0.0079077423281,0.00813511624426,1500,real,1499,0.00792189923494,0.254497846243,0.247502863133,0.254059844598,0.260366162088,0.00778815256363,0.0079246370717,0.0080035125126,1772224,1499,0.0391497665294,-0.000896480193086,0.0359210338445,0.0652946531849,0.0078271949665,0.00776533946546,0.00782014906783,0.00790972752479,0.749901670033,0.746574808085,0.750418899355,0.755077433402
63,0.000141389294844,-0.00575494625302,0.000467017408879,0.00687004067835,180,0.00768635970153,0.00766378224573,0.00768590932152,0.00770936533327,180,real,179,0.00768699691085,0.252994957085,0.251721999348,0.253038616563,0.253907024102,0.00766503599797,0.00768813056973,0.00770819344461,59300820,179,0.0111740900054,0.0045055366681,0.0106340935305,0.0173360222849,0.00766054347342,0.00765018655831,0.00766000309931,0.00767108171818,0.750428260661,0.74929730916,0.750398097567,0.75136401629
64,0.00782611525463,-0.00662893804325,0.00921706990208,0.0184199022081,630,0.00778586643217,0.0077195553381,0.00777816326491,0.00787572583025,630,real,629,0.00782159294925,0.252168288844,0.250690050454,0.252150080648,0.253924465238,0.00777799678192,0.00782524263705,0.0078633210028,14922753,629,0.025876886125,0.0150265120537,0.0250785242308,0.0345892287585,0.00775954026551,0.0077347576316,0.00775686451264,0.00778823832029,0.749765083389,0.748423320063,0.749687850716,0.751855181815
65,0.00266502525736,-0.0110913230733,0.00302279245917,0.0143833241874,750,0.00779592159729,0.00773338505596,0.00779836574674,0.00788219042877,750,real,749,0.0078081018948,0.251469924459,0.249731691108,0.251322039647,0.253247494067,0.0077418017371,0.00781143994703,0.00785985573728,11444803,749,0.0164209235676,-0.000160703440613,0.0166906241384,0.0342480420101,0.0077686781239,0.007728101606,0.00776836288466,0.00778849118304,0.750997081006,0.748533704568,0.751238217028,0.753058257315
66,-0.200124758357,-0.358312501335,-0.204737381333,-0.0585008343635,2580,0.00890960081775,0.00810310383783,0.0089975677159,0.00997102435698,2580,real,2579,0.00799210250213,0.273087618623,0.255464369341,0.277542388227,0.302992958621,0.00741064436777,0.00799561631752,0.00862431206733,54342,2579,0.0893970230879,-0.05909360147,0.0947394217138,0.276403010278,0.00777685263771,0.00743091440419,0.00774615466793,0.0080832158625,0.763015879529,0.74047471472,0.759954571207,0.782152233468
67,0.043757530428,0.0307453943804,0.0485614857044,0.0767020353152,1350,0.00778135621445,0.00761308233448,0.0077673549042,0.00787052076602,1350,real,1349,0.00798277299028,0.252385517493,0.247020797346,0.252120551656,0.255274658555,0.00789023892424,0.00798094717473,0.0080500760285,2806743,1349,0.0657274996637,0.03271748627,0.0656425992598,0.0867414748518,0.00782384782641,0.00776142476047,0.00782861760748,0.0078670387668,0.744013529906,0.740431158553,0.743803908478,0.746629156511
68,0.0175434087794,-0.0494672285256,0.0199684737194,0.0736122561542,1860,0.00786843534533,0.00760141611741,0.00789633848384,0.00817789744957,1860,real,1859,0.00795009902196,0.259494352461,0.251028408424,0.259913399468,0.266951775557,0.00779718254191,0.00799699632175,0.00819370907485,659031,1859,0.0159479645541,-0.0407383876624,0.0199009019966,0.0784601988612,0.00791110326074,0.0078268961902,0.00792780892659,0.00805409105526,0.743951020996,0.733166319585,0.744152302101,0.753968683412
69,0.0120960788406,-0.0326926608476,0.015933944958,0.04293281621,1590,0.0078157011653,0.00765660354115,0.00780416296403,0.00796260266449,1590,real,1589,0.00787136780403,0.253977789791,0.248031982,0.253610873593,0.261231254059,0.00773635858078,0.00786763163881,0.00798700303099,1517555,1589,0.0204555290092,-0.0211874144343,0.0212261032601,0.059094430582,0.00782191825187,0.00775565386617,0.00782511840035,0.00787401383388,0.747943316324,0.74194081102,0.747805776083,0.752361443444
70,0.00340758252798,-0.00272385432515,0.00364552566457,0.00762195976747,90,0.0076232766904,0.00759960310802,0.00762024310749,0.00764807320665,90,real,89,0.00763851086813,0.253231580486,0.252463983331,0.253218053349,0.253796103796,0.00762464731027,0.00763564813592,0.00764972123122,114508076,89,0.0167455640779,0.0112559257581,0.0158981155799,0.0208085656733,0.00759918513624,0.00759108363676,0.00759888574896,0.0076063563744,0.749948100459,0.749328459331,0.749988452069,0.750872082883
71,0.00681234063184,-0.000906719940815,0.00679950298844,0.0151853699237,270,0.00769913874023,0.00765213213809,0.00769994708786,0.00774834795482,270,real,269,0.00773001153492,0.252713359363,0.251589710266,0.252618196256,0.253464427287,0.00769587243053,0.00772931772996,0.00775430497561,40472406,269,0.0112474885402,0.003457765067,0.0111938784588,0.0184923127535,0.00770323591909,0.00768479398702,0.00770189563119,0.00772129058121,0.749898364094,0.74879709943,0.749973774502,0.750826051253
72,-0.0228781980041,-0.0647834954156,-0.0223840204384,0.00166608769914,1620,0.00813399523141,0.00790288297528,0.00810957924538,0.00835743077955,1620,real,1619,0.0080278894338,0.251895187632,0.246500833584,0.251484815001,0.257374757373,0.00786504354433,0.00799683443053,0.00813963158455,1365423,1619,0.0595818001342,0.0152607628078,0.0536692685823,0.0890797871323,0.00788273448374,0.00778158729585,0.00787582243163,0.00796031757798,0.753377388344,0.749538755029,0.753882792417,0.75838933824
73,0.004664399772,-0.0135867200753,0.0043882373144,0.0224111059579,960,0.00782444318961,0.00773139371295,0.00782800290853,0.00790497888175,960,real,959,0.00784583792491,0.252923277112,0.250098037455,0.253298355555,0.255669569154,0.00780731141938,0.00784028332392,0.00789858789519,7256343,959,0.0204800220336,0.00871503953647,0.020459748486,0.033912313629,0.00779649267595,0.00777128693497,0.00779261727121,0.00782697639666,0.749723685925,0.746745721612,0.749835430991,0.752514902751
74,0.0297813740639,0.00948735236838,0.0289959339948,0.0436200530761,1020,0.00780128286145,0.00771547079002,0.00780229212396,0.00789674159435,1020,real,1019,0.00793802533573,0.250667356987,0.247965512391,0.250728900747,0.253128179031,0.0078900779509,0.00793508712594,0.00798883952915,5861757,1019,0.0553595214418,0.0385334455417,0.0548832202582,0.0693915417201,0.00780450277759,0.00776813842841,0.00780491553485,0.00783571568246,0.746697691712,0.744454358505,0.746534374543,0.749943030116
75,-0.0130329497869,-0.0266653780151,-0.0145891013965,-0.00574668387119,720,0.00790872158901,0.00785776986266,0.00792443424151,0.00798145161941,720,real,719,0.00784890369175,0.255326969388,0.253262169081,0.255498860169,0.257374287663,0.00780283193469,0.00784964862029,0.00788962847643,12049613,719,0.0196534454098,0.00779145073185,0.0177274179621,0.0286228071708,0.00780151975324,0.00776805342444,0.00780270087565,0.00782950110415,0.750896571374,0.749451888593,0.751228025764,0.752812657485
76,0.0333709278235,-0.0475297984181,0.0324358982436,0.118774788356,2100,0.00786350316275,0.00726935292062,0.00789787349822,0.00843914467311,2100,real,2099,0.00801777894453,0.2531212077,0.234630563324,0.252674460144,0.267282593253,0.00777723943645,0.00802606914865,0.00834887073616,195554,2099,0.0675442786174,0.0140495520439,0.0685387348962,0.145353425862,0.0078537585301,0.00768238460752,0.00786816911504,0.00804204356403,0.744704950236,0.731330152861,0.744443638348,0.755051276456
77,0.0127005449666,-0.0381285036477,0.00988724261174,0.0591792905305,1740,0.00782353204311,0.00751488519095,0.00787315516379,0.00822436103369,1740,real,1739,0.00788207080104,0.249358378268,0.242542692893,0.249735994992,0.25625425661,0.0077344930001,0.00788083811947,0.00805564487192,1029000,1739,0.0199635678874,-0.00951958352936,0.0246794682255,0.0574187159689,0.00783373609722,0.00775730817329,0.00783645312039,0.0079308925122,0.752330399247,0.747463428157,0.75245330891,0.758870951531
78,-0.00235215074698,-0.0071670483613,-0.00211617943322,0.00393778252806,150,0.00766449571368,0.00762913932371,0.00766335855463,0.00768673651694,150,real,149,0.00765393347782,0.253858685845,0.253150364544,0.253877610256,0.254512125762,0.00762924835008,0.0076525869577,0.0076755230371,69333567,149,0.00895236658454,0.00215688933621,0.00954595852896,0.0150151228156,0.00763281644299,0.00761946688131,0.00763113078879,0.00764105940498,0.750248818729,0.749356941452,0.75016203705,0.750849800923
79,0.0549290834114,-0.224452437351,0.0858691433688,0.333028765852,2730,0.00797049779834,0.00636812325484,0.00795925804009,0.00961982970612,2730,real,2729,0.00823038914049,0.267012970563,0.216821354116,0.271963800375,0.321360275398,0.00757485007558,0.00825931937214,0.00890824721553,21788,2729,0.0917768974196,-0.103221978563,0.113670203457,0.371448000275,0.00800240082668,0.0075121372255,0.00790431559354,0.00852123824094,0.734186185673,0.703633247089,0.729475332578,0.756412870499
80,-0.00270864556188,-0.0150703559926,-0.000898316255558,0.0101601106568,600,0.00782367223476,0.00776086215493,0.00782380756859,0.00787348886647,600,real,599,0.00781128444964,0.251362129044,0.24943993288,0.251315860033,0.253063716217,0.00776253644529,0.00781290502917,0.00785629406635,16314961,599,0.0156032285805,0.0026336323065,0.0168359287607,0.0315165038682,0.00777379922674,0.0077510757184,0.00777729812797,0.00779605437581,0.75232184237,0.750579314353,0.75226115229,0.753871325014
81,-0.0884644583421,-0.176316521848,-0.0810347781456,0.0228720147512,2430,0.0083853040222,0.00775921518789,0.00835088433215,0.00901306416538,2430,real,2429,0.00797440105436,0.264756469561,0.240666258947,0.26377082877,0.292345732055,0.00748809543148,0.00801330307058,0.00851062275399,106561,2429,0.0358046898038,-0.0795880650092,0.0399516361858,0.17252300766,0.00788704964055,0.00766143190653,0.00790750901716,0.00815112082895,0.755368284704,0.739068338042,0.755193872199,0.768492813858
82,-0.0188585783767,-0.0387912206291,-0.0210993453204,-0.00386225364741,1200,0.0079282896892,0.00783437171447,0.00795306021157,0.00805296279353,1200,real,1199,0.00784179291234,0.256528873411,0.253566296953,0.256788306486,0.259888555044,0.00776441470504,0.00784631424973,0.00791276042085,4009427,1199,0.0189928899588,-0.00140314595441,0.0214182534995,0.0384431157819,0.00779603299225,0.0077570134798,0.00779525733357,0.00784056201933,0.751271830001,0.748947360198,0.751582286947,0.754727084258
83,0.016484702383,-0.0377477957136,0.0135251387361,0.0735091912982,1890,0.00786014836973,0.00763699574404,0.00780568017365,0.0081478339271,1890,real,1889,0.00793668166769,0.25666100283,0.247723366022,0.256080560345,0.263448962391,0.00775076343648,0.00791819367197,0.00817571604916,652055,1889,0.0190414799276,-0.0596662678587,0.00885094957502,0.0693081853799,0.00789024435118,0.00782592488208,0.00790016517394,0.00801587447297,0.747221737904,0.73832361387,0.748187203324,0.755680461194
84,0.237010967668,0.0123789211038,0.236701507672,0.420296594962,2940,0.00558327703878,0.00481779654502,0.00561671650925,0.00639862323686,2940,real,2939,0.00657078407606,0.21061965846,0.184963637262,0.210383241137,0.245486870396,0.00588043685909,0.00657799956841,0.00718132104684,68667,2939,-0.227891677855,-0.383226653752,-0.217367018521,-0.0404870588919,0.00706946997094,0.00667773765893,0.00700102675581,0.00742036866687,0.744212204508,0.715049191674,0.7439713227,0.765585323372
85,0.00861501050134,-0.00607727788183,0.00829183188172,0.0273471443946,1050,0.0077936203958,0.00769153254452,0.00780594883427,0.00790157859326,1050,real,1049,0.00783322500834,0.251575335024,0.249158560984,0.251699061256,0.254832643632,0.00778211946723,0.00783820323477,0.0079177430382,5719211,1049,0.00793955331445,-0.0111172543572,0.0086843471852,0.0261594487752,0.00781405202821,0.00777906739575,0.00781775767995,0.00786109275302,0.749878212393,0.747329601183,0.74986816779,0.752905683394
86,-0.0712866380984,-0.177501845022,-0.0561677879138,0.012572409885,2340,0.00847231675925,0.00785892337169,0.00845175264214,0.00919818103006,2340,real,2339,0.00813991677254,0.270083247707,0.246795540603,0.268329399519,0.288484691186,0.00762102874004,0.00813347865236,0.00867749188745,123593,2339,0.0902732703613,-0.0445746560804,0.0744097438676,0.224950314101,0.00791882227405,0.00767218548423,0.00793422427207,0.00820299711565,0.750672615155,0.737686128976,0.752842997257,0.763061665502
87,0.053038993861,-0.036850252544,0.069761549067,0.153151828374,2130,0.0081133156157,0.00757393898321,0.00806201432657,0.00858233265041,2130,real,2129,0.00836365510653,0.254114107382,0.236173433885,0.251551992216,0.2720015084,0.00784657396585,0.00836083166781,0.00868318837567,201325,2129,0.139211642387,0.032480064633,0.149927270355,0.221611103628,0.00801851875677,0.0078404809912,0.00800291845942,0.00820676929428,0.742214561091,0.728749504807,0.741019019051,0.75443714976
88,-0.0135141863396,-0.132921965893,-0.0129862068557,0.102163014343,2220,0.00768920023719,0.00709446162292,0.00768887690135,0.00827001490307,2220,real,2219,0.0076276285364,0.248261194833,0.235540214351,0.248298257236,0.25837156759,0.00735831275979,0.00762088850098,0.00790835800375,171034,2219,-0.0466492003219,-0.128416511806,-0.0515140968489,0.0173037824729,0.00773926636464,0.00763189358779,0.00775934728693,0.00792532216123,0.754738908626,0.73767050268,0.755713895997,0.769411745514
89,0.00367210586045,-0.0159722794796,0.00419886573405,0.0233316858854,1110,0.00779808868249,0.00771114137463,0.00780967190276,0.00790491883878,1110,real,1109,0.00781495395263,0.251751263128,0.248972378577,0.25191201229,0.255510271355,0.00773534462163,0.00781551800067,0.00787922770259,4686852,1109,0.00345786408814,-0.0260609204677,0.0043500325867,0.0184563079107,0.00780661158285,0.00777641691064,0.00781018776922,0.00785297355579,0.750992527222,0.748628254408,0.751062669787,0.753640611145
90,-0.00260686452289,-0.0282921504977,-0.00561466405853,0.0197946046092,1440,0.00789293161935,0.00775705699095,0.00790273044394,0.00805111030303,1440,real,1439,0.00788088869268,0.256611264905,0.251713246689,0.256514807485,0.260265211151,0.00780148333218,0.0078756090684,0.00799901800694,2273951,1439,0.0118532725156,-0.0164558692145,0.00667799536116,0.0428942988151,0.00785212436857,0.00779913217258,0.00785941388037,0.00791838133257,0.748372539838,0.746225851439,0.748873575636,0.752461658509
91,-0.0134533183094,-0.0503951998512,-0.0184133586285,0.0209584754009,1560,0.00800843426782,0.00782622689905,0.00801094404276,0.00824758206579,1560,real,1559,0.00794629342688,0.257707978533,0.25209475852,0.258687117483,0.263338970494,0.00782553782001,0.00795627682112,0.0080446210178,1597061,1559,0.039369288512,0.0024914324173,0.0385270071486,0.0683039375739,0.00785077070219,0.00778322145643,0.00784594996257,0.00792111614843,0.750164843689,0.74595891013,0.75018229179,0.75592796524
92,-0.00560293603298,-0.0318905893734,-0.00473613122736,0.0224192380547,1290,0.00787103373486,0.0077391879651,0.00786524256129,0.00799898385453,1290,real,1289,0.00784537064127,0.255383046386,0.252053279022,0.256147095559,0.260760061791,0.00774535486609,0.00783265791956,0.00794903297069,3427169,1289,0.0249773644007,-0.00229427569359,0.0238232077262,0.0518029888383,0.00778527499944,0.00773143445651,0.00777417879964,0.00783760832908,0.749765008292,0.745368879221,0.749889604477,0.75253885763
93,0.00917189675722,-0.0149078931249,0.00934915499322,0.0262894232216,1170,0.00789347211478,0.00776423855701,0.00787228553963,0.00800346845057,1170,real,1169,0.0079357045087,0.255897805872,0.252555630305,0.255129166203,0.259477780109,0.00784469338254,0.00792228622727,0.00800153703169,4407886,1169,0.045128498611,0.0152097160943,0.0400672270252,0.0620535976385,0.0078265502278,0.00777513519455,0.00781939088116,0.00785660340812,0.746690158783,0.744372268338,0.747183267548,0.749861897769
94,-0.0735166518906,-0.267915554931,-0.0723923795218,0.139688633496,2640,0.00780970706486,0.00676063420384,0.00792465152478,0.00888210992237,2640,real,2639,0.00747715879918,0.256121061382,0.232772642902,0.254062158441,0.281498565194,0.00683722989508,0.00755339048499,0.0080379357032,44979,2639,-0.0809692394331,-0.245494227749,-0.092477671938,0.0865951377628,0.00766950537123,0.00733427111469,0.00773006081525,0.00813387305114,0.762883972579,0.734400537868,0.765487681119,0.789958204379
95,-0.0768917242103,-0.378426003375,-0.0346515127153,0.207974372758,2970,0.00725496976865,0.00568912722684,0.0071664452183,0.00873593087388,2970,real,2969,0.00691592621212,0.268285756451,0.226983214416,0.26542439258,0.306090819761,0.00608126932051,0.00680146341463,0.00748783132788,40963,2969,-0.24087974604,-0.488552821204,-0.289832153934,-0.0579151790571,0.00747369968312,0.00713285242282,0.00745707298749,0.00779826833311,0.749993222916,0.706014759376,0.75099452274,0.793764981607
96,0.00622512922788,-0.00793852385788,0.00667709267121,0.014867837282,480,0.00772922127285,0.00766492020071,0.00772689280263,0.00777095758316,480,real,479,0.00775757719721,0.253077871804,0.251551837434,0.252835883869,0.254293877307,0.00772477824571,0.00775191538913,0.00778801878496,21792438,479,0.00625048576757,-0.00405874941676,0.00492830762993,0.01709707997,0.00774262126717,0.00772345517776,0.00774005255075,0.00775643617821,0.749892945869,0.748644147343,0.750047398488,0.751542271397
97,0.0271749458212,-0.0393531626419,0.0279073873738,0.0717327196789,1800,0.00781364394375,0.00753387916166,0.00778529163386,0.00810877105467,1800,real,1799,0.00793888236793,0.254720257274,0.244794663342,0.255030662231,0.264270524663,0.00774205067863,0.00792335546633,0.00811986157982,721759,1799,0.0439721790391,-0.00411797480916,0.0381305631109,0.0930140967415,0.00783243261609,0.00771142228143,0.00783900411536,0.00796273448505,0.745541861291,0.739794235402,0.746084524933,0.753551358922
98,0.00366253674602,-0.0249391568074,0.00666387386297,0.0461360731419,1680,0.00790341426069,0.00770747732535,0.00790133810224,0.00809561746316,1680,real,1679,0.00792018965999,0.256389187447,0.250249976306,0.255203255587,0.26189625257,0.00779252883429,0.00793252240835,0.00807780063978,1090296,1679,0.0563201965021,0.0266185234223,0.0570386782559,0.104673615542,0.00778468475173,0.00770050260864,0.00779946757711,0.00785954354725,0.74688156544,0.742203119064,0.746830209194,0.751092462266
99,0.0109978491872,-0.020619260187,0.00859211169667,0.041715315263,1470,0.00778521226789,0.00766348919248,0.00781138353315,0.0079817326509,1470,real,1469,0.00783556588409,0.254083386423,0.250947738905,0.254638776273,0.259651579492,0.00769927399723,0.00784317840328,0.00796387725319,1951926,1469,0.0222607213234,-0.0085217326572,0.0260930765608,0.0710956545637,0.00778202764392,0.00770476495965,0.00778418916758,0.00784552884099,0.748517749345,0.743140780694,0.748714296549,0.753435358761
